form	lemma	POS	morph
༄༅། །		PUNCT
བསང་	བསང་	OTHER
གི་	གི་	PART
ཡི་གེ་	ཡི་གེ་	NOUN
དགེ་ལེགས་	དགེ་ལེགས་	OTHER
ཆར་སྤྲིན་	ཆར་སྤྲིན་	NOUN
ཞེ་	ཅེས་	PART
བྱ་བ་	བྱ་བ་	VERB
བཞུགས་	བཞུགས་	VERB
སོ་	གོ་	PART
། །		PUNCT
		
ན་མོ་	ན་མོ་	X
ཤཱཀྱ་	ཤཱཀྱ་	PROPN
མུ་	མུ་	NOUN
ན་	ལ་	PART
ཡེ་	ཡེ་	ADV
།		PUNCT
བདེ་ཆེན་	བདེ་ཆེན་	NOUN
མཆོག་	མཆོག་	ADJ
ཏུ་	ལ་	PART
དགའ་བ་	དགའ་བ་	VERB
འི་	གི་	PART
རོལ་མོ་	རོལ་མོ་	NOUN
ནི་	ནི་	NO_POS
། །		PUNCT
ཟད་	ཟད་	VERB
མེད་	མེད་	VERB
མཚན་	མཚན་	NOUN
བརྒྱ་	བརྒྱ་	NUM
འི་	གི་	PART
སྣང་བ་	སྣང་བ་	VERB
འབུམ་	འབུམ་	NUM
གྲོལ་བ་	གྲོལ་བ་	VERB
། །		PUNCT
ཐུབ་	ཐུབ་	VERB
མཆོག་	མཆོག་	ADJ
བླ་མ་	བླ་མ་	NOUN
འགྲོ་བ་	འགྲོ་བ་	VERB
འི་	གི་	PART
ཉི་མ་	ཉི་མ་	NOUN
དེ་	དེ་	DET
འི་	གི་	PART
། །		PUNCT
དགེ་ལེགས་	དགེ་ལེགས་	OTHER
ཞབས་	ཞབས་	NOUN
སེན་	སེན་	NOUN
དད་	དད་	VERB
བརྒྱ་	བརྒྱ་	NUM
འི་	གི་	PART
སྤྱི་བོ་	སྤྱི་བོ་	NOUN
ར་	ལ་	PART
བསྙེན་	བསྙེན་	VERB
།		PUNCT
འདི་	འདི་	DET
ན་	ལ་	PART
ལེགས་བཤད་	ལེགས་བཤད་	NOUN
མུ་ཏིག་	མུ་ཏིག་	NOUN
དོག་པ་	དོག་པ་	VERB
གས་	གསའ་	NO_POS
ར་	ལ་	PART
། །		PUNCT
བསང་མཆོད་	བསང་མཆོད་	OTHER
གེ་སར་	གེ་སར་	PROPN
ཕོན་པོ་	ཕོན་པོ་	OTHER
འི་	གི་	PART
ནུས་	ནུས་	VERB
མ་	མ་	PART
ཅན་	ཅན་	PART
། །		PUNCT
དད་པ་	དད་པ་	VERB
འི་	གི་	PART
གུར་ཀུམ་	གུར་ཀུམ་	NOUN
གསར་པ་	གསར་པ་	VERB
ས་	གིས་	PART
འབྲི་	འབྲི་	VERB
བཞིན་པ་	བཞིན་པ་	NOUN
ར་	ལ་	PART
། །		PUNCT
ཐ་	ཐ་	VERB
འདོད་	འདོད་	VERB
གེ་སར་	གེ་སར་	PROPN
རྣ་བ་	རྣ་བ་	NOUN
འི་	གི་	PART
བཅུད་	བཅུད་	NOUN
དུ་	ལ་	PART
ལེན་	ལེན་	VERB
། །		PUNCT
དེ་	སྟེ་	PART
འང་	ཀྱང་	PART
བཀྲ་ཤིས་	བཀྲ་ཤིས་	NOUN
བྱིན་	བྱིན་	VERB
ཆགས་པ་	ཆགས་པ་	VERB
འི་	གི་	PART
སྒྲུབ་གནས་	སྒྲུབ་གནས་	NOUN
གང་	གང་	NO_POS
འོ་	འོ་	VERB
སུ་	ལ་	PART
རྣལ་འབྱོར་པ་	རྣལ་འབྱོར་པ་	NOUN
གཙང་སྦྲ་	གཙང་སྦྲ་	NOUN
དང་	དང་	NO_POS
ལྡན་པ་	ལྡན་པ་	VERB
ས་	གིས་	PART
།		PUNCT
རིན་པོ་ཆེ་	རིན་པོ་ཆེ་	ADJ
འི་	གི་	PART
སྣོད་	སྣོད་	NOUN
དམ་	གམ་	PART
ཐབ་	ཐབ་	NO_POS
གང་རུང་	གང་རུང་	NOUN
དུ་	ལ་	PART
བསང་	བསང་	OTHER
ཤིང་ཕྱེ་	ཤིང་ཕྱེ་	NO_POS
མ་	མ་	NOUN
སྤོ་	སྤོ་	NOUN
སྨན་དཀར་	སྨན་དཀར་	NO_POS
མངའ་	མངའ་	VERB
འབྲུ་སྣ་	འབྲུ་སྣ་	NOUN
ལྔ་	ལྔ་	NUM
སོགས་	སོགས་	DET
གཙང་མ་	གཙང་མ་	ADJ
འི་	གི་	PART
མེ་	མེ་	NOUN
ལ་	ལ་	PART
བསྲེག་པ་བ་	བསྲེག་པ་བ་	VERB
མཆོག་	མཆོག་	ADJ
གི་	གི་	PART
འོ་	གོ་	PART
ཆབ་	ཆབ་	NOUN
བྲན་	བྲན་	NOUN
།		PUNCT
ཐོག་མ་	ཐོག་མ་	NOUN
ར་	ལ་	PART
སྐྱབས་	སྐྱབས་	NOUN
སུ་	ལ་	PART
འགྲོ་བ་	འགྲོ་བ་	VERB
ནི་	ནི་	NO_POS
།		PUNCT
དེ་ཡང་	དེ་ཡང་	ADV
མཐའ་ཡས་པ་	མཐའ་ཡས་པ་	ADJ
འི་	གི་	PART
སེམས་ཅན་	སེམས་ཅན་	NOUN
ཐམས་ཅད་	ཐམས་ཅད་	DET
རང་	རང་	PRON
གི་	གི་	PART
ཕ་མ་	ཕ་མ་	NOUN
ར་	ལ་	PART
མ་	མ་	PART
གྱུར་པ་	གྱུར་པ་	VERB
མེད་	མེད་	VERB
ཅིང་	ཅིང་	PART
བཀའ་དྲིན་	བཀའ་དྲིན་	NOUN
ཆེ་བ་	ཆེ་བ་	VERB
ཤ་སྟག་	ཤ་སྟག་	DET
ཏུ་	ལ་	PART
འདུག་	འདུག་	VERB
འོན་ཀྱང་	འོན་ཀྱང་	NO_POS
ད་ལྟ་	ད་ལྟ་	OTHER
ཁམས་	ཁམས་	NOUN
གསུམ་	གསུམ་	NUM
སྲིད་པ་	སྲིད་པ་	VERB
འི་	གི་	PART
འཁོར་ལོ་	འཁོར་ལོ་	NOUN
ཆུད་	ཆུད་	VERB
མི་	མི་	PART
ཟ་བ་	ཟ་བ་	VERB
འི་	གི་	PART
སྡུག་བསྔལ་	སྡུག་བསྔལ་	NOUN
གྱི་	གི་	PART
གྲོང་	གྲོང་	NOUN
དུ་	ལ་	PART
གཙེས་	གཙེས་	VERB
ཤིང་	ཅིང་	PART
ཐར་བ་	ཐར་བ་	VERB
འི་	གི་	PART
དུས་	དུས་	NOUN
མེད་པ་	མེད་པ་	VERB
འདི་	འདི་	DET
རྣམས་	རྣམས་	DET
ལ་	ལ་	PART
བརྩེ་བ་	བརྩེ་བ་	VERB
ཤ་	ཤ་	DET
མི་	མི་	PART
བཟོད་པ་	བཟོད་པ་	VERB
འི་	གི་	PART
བློ་	བློ་	NOUN
ས་	གིས་	PART
།		PUNCT
ཕྱོགས་	ཕྱོགས་	NOUN
བཅུ་	བཅུ་	NUM
ནམ་མཁ་	ནམ་མཁའ་	NOUN
འི་	གི་	PART
མཐས་གཏུགས་པ་	མཐས་གཏུགས་པ་	NO_POS
འི་	གི་	PART
རྒྱལ་བ་	རྒྱལ་བ་	NOUN
སྲ་	སྲ་	NOUN
བཅའ་	བཅའ་	VERB
རབ་འབྱམས་	རབ་འབྱམས་	ADJ
རྒྱ་མཚོ་	རྒྱ་མཚོ་	NOUN
འི་	གི་	PART
དམིགས་ཡུལ་	དམིགས་ཡུལ་	NOUN
དུ་	ལ་	PART
བྱ་	བྱ་	VERB
ཏེ་	སྟེ་	PART
།		PUNCT
རང་སྣང་	རང་སྣང་	NO_POS
རྣམ་དག་	རྣམ་དག་	ADJ
འོད་གསལ་	འོད་གསལ་	NOUN
ཐིག་ལེ་	ཐིག་ལེ་	NOUN
འི་	གི་	PART
ཞིང་	ཅིང་	PART
། །		PUNCT
དག་པ་	དག་པ་	VERB
རབ་འབྱམས་	རབ་འབྱམས་	ADJ
འོག་མིན་	འོག་མིན་	PROPN
ཆེན་པོ་	ཆེན་པོ་	ADJ
འི་	གི་	PART
མཁའ་	མཁའ་	NOUN
། །		PUNCT
རང་རིག་	རང་རིག་	NO_POS
ཡེ་ཤེས་	ཡེ་ཤེས་	NOUN
རྩ་	རྩ་	NUM
གསུམ་	གསུམ་	NUM
ཞི་	ཞི་	VERB
ཁྲོ་	ཁྲོ་	VERB
འི་	གི་	PART
ལྷ་	ལྷ་	NOUN
། །		PUNCT
ཕྱོགས་	ཕྱོགས་	NOUN
བཅུ་	བཅུ་	NUM
དུས་གསུམ་	དུས་གསུམ་	OTHER
བདེ་གཤེགས་	བདེ་གཤེགས་	NOUN
སྲ་	སྲ་	NOUN
བཅའ་	བཅའ་	VERB
ཚོགས་	ཚོགས་	NOUN
། །		PUNCT
ཏིལ་	ཏིལ་	NOUN
གྱི་	གི་	PART
གང་བུ་	གང་བུ་	NOUN
ཕྱེ་བ་	ཕྱེ་བ་	VERB
ལྟ་	ལྟ་	OTHER
བཞུགས་པ་	བཞུགས་པ་	VERB
། །		PUNCT
འཕགས་པ་	འཕགས་པ་	VERB
འི་	གི་	PART
ཡེ་ཤེས་	ཡེ་ཤེས་	NOUN
ལྐོག་	ལྐོག་	NOUN
ཏུ་	ལ་	PART
མ་	མ་	PART
གྱུར་པ་	གྱུར་པ་	VERB
འི་	གི་	PART
། །		PUNCT
སྒྲིབ་	སྒྲིབ་	NOUN
མེད་	མེད་	VERB
བརྩེ་བ་	བརྩེ་བ་	VERB
འི་	གི་	PART
ཐུགས་	ཐུགས་	NOUN
ཀྱིས་	གིས་	PART
དེང་	དེང་	ADV
དགོངས་	དགོངས་	VERB
ལ་	ལ་	PART
། །		PUNCT
བདག་	བདག་	PRON
དང་	དང་	NO_POS
མཁའ་མཉམ་	མཁའ་མཉམ་	OTHER
སེམས་ཅན་	སེམས་ཅན་	NOUN
བསྐྱབ་	བསྐྱབ་	NO_POS
ཏུ་	ལ་	PART
གསོལ་	གསོལ་	VERB
། །		PUNCT
སངས་རྒྱས་	སངས་རྒྱས་	NOUN
ཆོ་	ཆོ་	NOUN
དང་	དང་	NO_POS
དགེ་འདུན་	དགེ་འདུན་	NOUN
དང་	དང་	NO_POS
། །		PUNCT
བླ་མ་	བླ་མ་	NOUN
ཡི་དམ་	ཡི་དམ་	NOUN
མཁའ་འགྲོ་	མཁའ་འགྲོ་	NOUN
ལ་	ལ་	PART
། །		PUNCT
བདག་	བདག་	PRON
དང་	དང་	NO_POS
མཁའ་མཉམ་	མཁའ་མཉམ་	OTHER
སེམས་ཅན་	སེམས་ཅན་	NOUN
རྣམས་	རྣམས་	DET
། །		PUNCT
བྱང་ཆུབ་	བྱང་ཆུབ་	NOUN
བ་	བ་	NOUN
དུ་	ལ་	PART
སྐྱབས་	སྐྱབས་	NOUN
སུ་	ལ་	PART
མཆི་	མཆི་	NO_POS
། །		PUNCT
ལན་	ལན་	NOUN
གསུམ་	གསུམ་	NUM
།		PUNCT
སེམས་བསྐྱེད་པ་	སེམས་བསྐྱེད་པ་	NOUN
ནི་	ནི་	NO_POS
།		PUNCT
མཐའ་མེད་	མཐའ་མེད་	NO_POS
ཁམས་	ཁམས་	NOUN
གསུམ་	གསུམ་	NUM
སྲིད་པ་	སྲིད་པ་	VERB
འི་	གི་	PART
རྒྱ་མཚོ་	རྒྱ་མཚོ་	NOUN
འདི་	འདི་	DET
ར་	ལ་	PART
། །		PUNCT
མུན་ནག་	མུན་ནག་	ADJ
མུན་པ་	མུན་པ་	NOUN
ཆེན་པོ་	ཆེན་པོ་	ADJ
འི་	གི་	PART
ལ་	ལ་	ADP
ས་	གིས་	PART
བསགས་	བསགས་	VERB
ཤིང་	ཅིང་	PART
། །		PUNCT
མུན་གླིང་	མུན་གླིང་	NO_POS
ཆེན་པོ་	ཆེན་པོ་	ADJ
ར་	ལ་	PART
ཡང་ཡང་	ཡང་ཡང་	NO_POS
ལྟུང་	ལྟུང་	VERB
གྱུར་པ་	གྱུར་པ་	VERB
འི་	གི་	PART
། །		PUNCT
མཁའ་ཁྱབ་	མཁའ་ཁྱབ་	NOUN
རིགས་	རིགས་	NOUN
དྲུག་	དྲུག་	NUM
མ་རྒན་	མ་རྒན་	NOUN
ཡིད་ཅན་	ཡིད་ཅན་	NOUN
རྣམས་	རྣམས་	DET
། །		PUNCT
རིག་	རིག་	VERB
གསལ་	གསལ་	VERB
རང་རིག་	རང་རིག་	NO_POS
བདེ་ཆེན་	བདེ་ཆེན་	NOUN
ཐ་	ཐ་	VERB
གླིང་	གླིང་	NOUN
དུ་	ལ་	PART
། །		PUNCT
བགྲོད་	བགྲོད་	VERB
ཕྱི་	ཕྱི་	OTHER
བྱང་ཆུབ་	བྱང་ཆུབ་	NOUN
སེམས་	སེམས་	NOUN
མཆོག་	མཆོག་	ADJ
བསྐྱེད་པ་	བསྐྱེད་པ་	VERB
ར་	ལ་	PART
བགྱི་	བགྱི་	VERB
། །		PUNCT
ལན་	ལན་	NOUN
གསུམ་	གསུམ་	NUM
།		PUNCT
ཚོགས་	ཚོགས་	NOUN
ཞིང་	ཅིང་	PART
ནི་	ནི་	NO_POS
།		PUNCT
ཨ་	ཨ་	X
༔		PUNCT
ཆོས་དབྱིངས་	ཆོས་དབྱིངས་	NOUN
ལོངས་སྤྱོད་	ལོངས་སྤྱོད་	NOUN
རྫོགས་	རྫོགས་	VERB
དང་	དང་	NO_POS
སྤྲུལ་པ་	སྤྲུལ་པ་	VERB
འི་	གི་	PART
སྐུ་	སྐུ་	NOUN
། །		PUNCT
འོད་གསལ་	འོད་གསལ་	NOUN
ཐིག་ལེ་	ཐིག་ལེ་	NOUN
ཟང་ཐལ་	ཟང་ཐལ་	OTHER
ཀློང་ཡངས་པ་	ཀློང་ཡངས་པ་	OTHER
ར་	ལ་	PART
། །		PUNCT
རབས་	རབས་	NOUN
འབྱམས་	འབྱམས་	NO_POS
རྒྱལ་བ་	རྒྱལ་བ་	NOUN
འི་	གི་	PART
དཀྱིལ་འཁོར་	དཀྱིལ་འཁོར་	NOUN
མ་ལུས་པ་	མ་ལུས་པ་	OTHER
། །		PUNCT
སྣང་སྲིད་	སྣང་སྲིད་	NOUN
ཐམས་ཅད་	ཐམས་ཅད་	DET
མེར་མེར་	མེར་མེར་	NOUN
ཤིག་ཤིག་	ཤིག་ཤིག་	NOUN
གསལ་	གསལ་	VERB
། །		PUNCT
དེ་	སྟེ་	PART
ཀློང་	ཀློང་	NOUN
པད་	པད་	NO_POS
ཉི་	ཉི་	NUM
འི་	གི་	PART
གདན་	གདན་	NOUN
སྟེང་	སྟེང་	NOUN
ཁྱོན་ཡངས་པ་	ཁྱོན་ཡངས་པ་	NO_POS
ར་	ལ་	PART
། །		PUNCT
ཟག་བཅས་	ཟག་བཅས་	NOUN
མི་	མི་	PART
སྣང་	སྣང་	VERB
སྐད་ཅིག་	སྐད་ཅིག་	OTHER
དྲན་	དྲན་	VERB
རྫོགས་	རྫོགས་	VERB
སུ་	ལ་	PART
། །		PUNCT
རྒྱལ་	རྒྱལ་	VERB
ཀུན་	ཀུན་	DET
འདུ་	འདུ་	VERB
ཞལ་	ཞལ་	NOUN
མཚོ་སྐྱེས་	མཚོ་སྐྱེས་	OTHER
ཐོད་ཕྲེང་	ཐོད་ཕྲེང་	NO_POS
རྩལ་	རྩལ་	NOUN
། །		PUNCT
ཆུ་	ཆུ་	NOUN
ལ་	ལ་	ADP
ས་	གིས་	PART
ཆུ་བུར་	ཆུ་བུར་	NOUN
རྡོལ་	རྡོལ་	NO_POS
འདྲ་	འདྲ་	VERB
མཚན་དཔེ་	མཚན་དཔེ་	NOUN
འི་	གི་	PART
སྐུ་	སྐུ་	NOUN
། །		PUNCT
ལོ་	གོ་	PART
བརྒྱད་	བརྒྱད་	NUM
ལང་ཚོ་	ལང་ཚོ་	OTHER
ཁྲོ་	ཁྲོ་	VERB
འཛུམ་	འཛུམ་	NO_POS
འགྱིང་བག་	འགྱིང་བག་	NO_POS
ཅན་	ཅན་	PART
། །		PUNCT
མཉེན་ལྕུག་	མཉེན་ལྕུག་	NO_POS
འཁྲིལ་ལྡེམ་	འཁྲིལ་ལྡེམ་	NO_POS
རྗེས་ཆགས་	རྗེས་ཆགས་	NO_POS
ཟིམ་བུ་	ཟིམ་བུ་	ADJ
འི་	གི་	PART
སྤྱན་	སྤྱན་	NOUN
། །		PUNCT
ཨུཏྤལ་	ཨུཏྤལ་	NO_POS
རྒྱ་	རྒྱ་	VERB
འདྲ་	འདྲ་	VERB
ཆུ་སྐྱེས་	ཆུ་སྐྱེས་	OTHER
བུན་པ་	བུན་པ་	NO_POS
ས་	གིས་	PART
བཏུད་	བཏུད་	NO_POS
། །		PUNCT
རིན་ཆེན་	རིན་ཆེན་	OTHER
རྒྱན་	རྒྱན་	NOUN
མཛེ་	མཛེ་	VERB
ད་	ད་	NOUN
གྱི་	གི་	PART
སྨད་དཀྲིས་	སྨད་དཀྲིས་	NO_POS
དང་	དང་	NO_POS
། །		PUNCT
ཐོར་ཚུགས་	ཐོར་ཚུགས་	NO_POS
རིན་ཆེན་	རིན་ཆེན་	OTHER
འབར་བ་	འབར་བ་	VERB
འི་	གི་	PART
རྩེ་	རྩེ་	NOUN
བྲན་	བྲན་	NOUN
ཅན་	ཅན་	PART
། །		PUNCT
བདེ་ཆེན་	བདེ་ཆེན་	NOUN
འོད་	འོད་	NOUN
ལྔ་	ལྔ་	NUM
འི་	གི་	PART
གུར་ཁང་	གུར་ཁང་	NOUN
འཁྱིལ་བ་	འཁྱིལ་བ་	NO_POS
དེ་	དེ་	DET
འི་	གི་	PART
། །		PUNCT
རང་སྣང་	རང་སྣང་	NO_POS
གཞི་	གཞི་	NOUN
དབྱིངས་	དབྱིངས་	NOUN
དྭངས་མ་	དྭངས་མ་	ADJ
འི་	གི་	PART
མཁའ་སྤྱོད་	མཁའ་སྤྱོད་	NOUN
དུ་	ལ་	PART
། །		PUNCT
རྒྱལ་བ་	རྒྱལ་བ་	NOUN
འི་	གི་	PART
དཀྱིལ་འཁོར་	དཀྱིལ་འཁོར་	NOUN
ལྷུན་གྲུབ་	ལྷུན་གྲུབ་	OTHER
བཀོད་	བཀོད་	VERB
འབར་བ་	འབར་བ་	VERB
། །		PUNCT
ཉི་ཟླ་	ཉི་ཟླ་	NOUN
འབུམ་	འབུམ་	NUM
གྱི་	གི་	PART
ཟེ་	ཟེ་	VERB
ལྟ་	ལྟ་	OTHER
འོད་འཕྲོ་	འོད་འཕྲོ་	NO_POS
ཞིང་	ཅིང་	PART
། །		PUNCT
རང་རང་	རང་རང་	NO_POS
སྐུ་	སྐུ་	NOUN
ལ་	ལ་	ADP
ས་	གིས་	PART
སྤྲུལ་པ་	སྤྲུལ་པ་	VERB
འི་	གི་	PART
འཁོར་	འཁོར་	NOUN
ལོངས་སྤྱོད་	ལོངས་སྤྱོད་	NOUN
། །		PUNCT
གསང་	གསང་	VERB
མཆོག་	མཆོག་	ADJ
གསུང་	གསུང་	VERB
གི་	གི་	PART
གསང་བ་	གསང་བ་	VERB
མི་ཟད་	མི་ཟད་	NO_POS
དང་	དང་	NO_POS
། །		PUNCT
མཁྱེན་བརྩེ་	མཁྱེན་བརྩེ་	PROPN
ཐུགས་རྗེ་	ཐུགས་རྗེ་	NOUN
རོལ་པ་	རོལ་པ་	VERB
འི་	གི་	PART
རྒྱན་	རྒྱན་	NOUN
འཁོར་	འཁོར་	NOUN
གྱིས་	གིས་	PART
། །		PUNCT
ཁམས་	ཁམས་	NOUN
གསུམ་	གསུམ་	NUM
རིགས་	རིགས་	NOUN
དྲུག་	དྲུག་	NUM
འགྲོ་བ་	འགྲོ་བ་	VERB
འདི་	འདི་	DET
དང་	དང་	NO_POS
འདི་	འདི་	DET
། །		PUNCT
གདུལ་བྱ་	གདུལ་བྱ་	NOUN
འི་	གི་	PART
ལྷག་མ་	ལྷག་མ་	NOUN
མ་	མ་	PART
ལུས་	ལུས་	NOUN
ཡོངས་	ཡོངས་	DET
སྒྲོལ་བ་	སྒྲོལ་བ་	VERB
འི་	གི་	PART
། །		PUNCT
སྣང་སྲིད་	སྣང་སྲིད་	NOUN
མ་	མ་	PART
ཧཱ་		NON_WORD
གུ་རུ་	གུ་རུ་	PROPN
གསལ་བ་	གསལ་བ་	VERB
ར་	ལ་	PART
བསྐྱེད་	བསྐྱེད་	VERB
། །		PUNCT
སྐྱབས་གནས་	སྐྱབས་གནས་	NOUN
ཀུན་	ཀུན་	DET
གྱི་	གི་	PART
ཐུགས་རྗེ་	ཐུགས་རྗེ་	NOUN
འི་	གི་	PART
རོལ་གར་	རོལ་གར་	NO_POS
ལ་	ལ་	ADP
ས་	གིས་	PART
། །		PUNCT
བཞིན་ལག་	བཞིན་ལག་	NO_POS
རྣམ་པ་	རྣམ་པ་	NOUN
ར་	ལ་	PART
ཤར་བ་	ཤར་བ་	VERB
མཚན་དཔེ་	མཚན་དཔེ་	NOUN
འི་	གི་	PART
གཟུགས་	གཟུགས་	NOUN
། །		PUNCT
ཐོགས་མེད་	ཐོགས་མེད་	PROPN
གཤེགས་	གཤེགས་	VERB
ལ་	ལ་	PART
རིག་འཛིན་	རིག་འཛིན་	OTHER
སློབ་དཔོན་	སློབ་དཔོན་	NOUN
ཆེ་	ཆེ་	VERB
འི་	གི་	PART
། །		PUNCT
སྟེང་འོག་	སྟེང་འོག་	NOUN
ཕྱོགས་མཚམས་	ཕྱོགས་མཚམས་	NOUN
ཀུན་	ཀུན་	DET
ཏུ་	ལ་	PART
བཞུགས་	བཞུགས་	VERB
སུ་	ལ་	PART
གསོལ་	གསོལ་	VERB
། །		PUNCT
མི་	མི་	PART
ཕྱེད་	ཕྱེད་	NUM
དང་བ་	དང་བ་	NOUN
འི་	གི་	PART
ཡིད་	ཡིད་	NOUN
ཀྱིས་	གིས་	PART
ཕྱག་	ཕྱག་	NOUN
འཚལ་	འཚལ་	VERB
ཞིང་	ཅིང་	PART
། །		PUNCT
འཛད་	འཛད་	NO_POS
མེད་	མེད་	VERB
ཀུན་	ཀུན་	DET
ཏུ་	ལ་	PART
བཟང་པོ་	བཟང་པོ་	ADJ
འི་	གི་	PART
མཆོད་སྤྲིན་	མཆོད་སྤྲིན་	OTHER
སྟོབ་	སྟོབ་	NO_POS
། །		PUNCT
སྡིག་ལྟུང་	སྡིག་ལྟུང་	OTHER
ཉེས་པ་	ཉེས་པ་	VERB
འི་	གི་	PART
ཚོགས་	ཚོགས་	NOUN
ཀུན་	ཀུན་	DET
སོ་སོ་	སོ་སོ་	PRON
ར་	ལ་	PART
བཤགས་	བཤགས་	NO_POS
། །		PUNCT
དུས་གསུམ་	དུས་གསུམ་	OTHER
དགེ་བ་	དགེ་བ་	VERB
ཀུན་	ཀུན་	DET
ལ་	ལ་	PART
རྗེས་	རྗེས་	NOUN
ཡི་	གི་	PART
རང་	རང་	PRON
། །		PUNCT
ཟབ་	ཟབ་	VERB
ཅིང་	ཅིང་	PART
རྒྱ་	རྒྱ་	NOUN
ཆེ་	ཆེ་	VERB
འི་	གི་	PART
ཆོས་འཁོར་	ཆོས་འཁོར་	NOUN
བསྐོར་བ་	བསྐོར་བ་	VERB
ར་	ལ་	PART
བསྐུལ་	བསྐུལ་	VERB
། །		PUNCT
གཟུགས་སྐུ་	གཟུགས་སྐུ་	NOUN
བསྐལ་	བསྐལ་	NO_POS
བརྒྱ་	བརྒྱ་	NUM
ར་	ལ་	PART
མི་	མི་	PART
གཡོ་	གཡོ་	VERB
གསོལ་བ་	གསོལ་བ་	VERB
འདེབས་	འདེབས་	VERB
། །		PUNCT
དུས་གསུམ་	དུས་གསུམ་	OTHER
རྣམ་པ་	རྣམ་པ་	NOUN
ར་	ལ་	PART
དཀར་བ་	དཀར་བ་	VERB
འི་	གི་	PART
དགེ་བ་	དགེ་བ་	VERB
འི་	གི་	PART
ལ་	ལ་	ADP
ས་	གིས་	PART
། །		PUNCT
ཀུན་བཟང་	ཀུན་བཟང་	ADJ
གདོད་མ་	གདོད་མ་	OTHER
འི་	གི་	PART
གོ་འཕང་	གོ་འཕང་	NOUN
ཐོབ་	ཐོབ་	VERB
ཕྱི་	ཕྱི་	OTHER
བསྔོ་	བསྔོ་	VERB
། །		PUNCT
བསང་	བསང་	OTHER
རྫ་	རྫ་	NOUN
བྱིན་	བྱིན་	VERB
གྱིས་	གིས་	PART
བརླབ་པ་	བརླབ་པ་	VERB
ནི་	ནི་	NO_POS
།		PUNCT
ཧཱུྃ་		NON_WORD
།		PUNCT
རང་ཉིད་	རང་ཉིད་	OTHER
རྡོ་		
སེམས་	སེམས་	NOUN
སྤྱི་བོ་	སྤྱི་བོ་	NOUN
ར་	ལ་	PART
རིགས་	རིགས་	NOUN
ཀྱི་	གི་	PART
བདག་	བདག་	PRON
།		PUNCT
བླ་མ་	བླ་མ་	NOUN
ཀུན་བཟང་	ཀུན་བཟང་	ADJ
མཚན་དཔེ་	མཚན་དཔེ་	NOUN
འི་	གི་	PART
གར་མཁན་	གར་མཁན་	NOUN
ཅན་	ཅན་	PART
། །		PUNCT
སྦྱོང་	སྦྱོང་	VERB
སྤེལ་	སྤེལ་	VERB
བསྒྱུར་	བསྒྱུར་	VERB
ཐོབ་	ཐོབ་	VERB
ཚིམ་	ཚིམ་	VERB
ཞིང་	ཅིང་	PART
དབང་	དབང་	NOUN
བྱེད་	བྱེད་	VERB
ལྷ་	ལྷ་	NOUN
འི་	གི་	PART
། །		PUNCT
ཐུགས་ཀ་	ཐུགས་ཀ་	NOUN
འི་	གི་	PART
ས་བོན་	ས་བོན་	NOUN
འོད་ཟེར་	འོད་ཟེར་	NOUN
འཕྲོ་	འཕྲོ་	NOUN
འདུ་	འདུ་	VERB
ལ་	ལ་	ADP
ས་	གིས་	PART
། །		PUNCT
མི་	མི་	PART
མཐུན་	མཐུན་	VERB
ཉེས་པ་	ཉེས་པ་	VERB
འི་	གི་	PART
སྐྱོན་	སྐྱོན་	NOUN
ཚོགས་	ཚོགས་	NOUN
རབ་	རབ་	ADV
སྦྱངས་	སྦྱངས་	VERB
ཏེ་	སྟེ་	PART
། །		PUNCT
འདོད་པ་	འདོད་པ་	VERB
འི་	གི་	PART
རེ་བ་	རེ་བ་	VERB
མ་	མ་	PART
ལུས་	ལུས་	NOUN
སྐོང་	སྐོང་	NO_POS
གྱུར་ཅིག་	གྱུར་ཅིག་	NO_POS
།		PUNCT
ཨོཾ་	ཨོཾ་	X
ཤུདྡྷེ་		NON_WORD
ཤུདྡྷེ་		NON_WORD
ཤོ་	ཤོ་	NOUN
དྷ་		NON_WORD
ན་	ལ་	PART
ཡེ་	ཡེ་	ADV
སྭཱ་		NON_WORD
ཧཱ་		NON_WORD
།		PUNCT
ཨོཾ་	ཨོཾ་	X
བཛྲ་	བཛྲ་	NO_POS
ས་	ས་	ADP
ཏྭ་		NON_WORD
ཧཱུྃ་		NON_WORD
།		PUNCT
ཨོཾ་	ཨོཾ་	X
སྭ་		NON_WORD
བྷཱ་		NON_WORD
ཝ་	ཝ་	OTHER
ཤུ་	ཤུ་	NO_POS
དྷ་		NON_WORD
སརྦ་	སརྦ་	NO_POS
དྷརྨཱ་		NON_WORD
སྭ་		NON_WORD
བྷཱ་		NON_WORD
ཝ་	ཝ་	OTHER
བི་	བི་	NO_POS
ཤུདྷོ་		NON_WORD
ཧཾ་		NON_WORD
།		PUNCT
ན་	ལ་	PART
མཿ་		NON_WORD
སརྦ་	སརྦ་	NO_POS
ཏ་	ཏ་	OTHER
ཐཱ་		NON_WORD
ག་	ག་	PRON
ཏ་	ཏ་	OTHER
བྷྱོ་		NON_WORD
བྷི་		NON_WORD
ཤྭ་	ཤྭ་	NO_POS
མུ་	མུ་	NOUN
ཁེ་	ཁེ་	NOUN
བྷྱཿ་		NON_WORD
སརྦ་	སརྦ་	NO_POS
ཐཱ་		NON_WORD
ཁཾ་		NON_WORD
ཨུཏྒ་		NON_WORD
ཏེ་	སྟེ་	PART
སྥ་		NON_WORD
ར་	ར་	ADP
ཎ་		NON_WORD
ཧི་	ཧི་	NO_POS
མཾ་	མཾ་	NO_POS
ག་	ག་	PRON
ག་	ག་	PRON
ན་	ལ་	PART
ཁཾ་		NON_WORD
སྭཱ་		NON_WORD
ཧཱ་		NON_WORD
།		PUNCT
ཨོཾ་	ཨོཾ་	X
བཛྲ་	བཛྲ་	NO_POS
ཨ་	ཨ་	X
མྲྀ་		NON_WORD
ཏ་	ཏ་	OTHER
ཀུཎྚ་		NON_WORD
ལི་	ལི་	OTHER
ཧ་	ཧ་	NOUN
ན་	ལ་	PART
ཧ་	ཧ་	NOUN
ན་	ལ་	PART
ཧཱུྃ་		NON_WORD
ཕཊ་		NON_WORD
།		PUNCT
ན་མ་	ན་མ་	PROPN
༔		PUNCT
སརྦ་	སརྦ་	NO_POS
ཏ་	ཏ་	OTHER
ཐཱ་		NON_WORD
ག་	ག་	PRON
ཏ་	ཏ་	OTHER
ཨཱ་	ཨཱ་	NO_POS
ཝ་	ཝ་	OTHER
ལོ་	གོ་	PART
ཀི་	ཀི་	ADP
ཏེ་	སྟེ་	PART
ཨོཾ་	ཨོཾ་	X
སམྦྷ་		NON_WORD
ར་	ར་	ADP
སམྦྷ་		NON_WORD
ར་	ར་	ADP
ཧཱུྃ་		NON_WORD
།		PUNCT
ཨོཾ་	ཨོཾ་	X
ཛྙཱ་	ཛྙཱ་	NO_POS
ཨཱ་	ཨཱ་	NO_POS
ཝ་	ཝ་	OTHER
ལོ་	གོ་	PART
ཀི་	ཀི་	ADP
ཏེ་	སྟེ་	PART
ན་	ལ་	PART
མསྶ་		NON_WORD
མནྟ་		NON_WORD
སྥ་		NON_WORD
ར་	ར་	ADP
ཎ་		NON_WORD
ར་	ར་	ADP
སྨི་	སྨི་	NO_POS
བྷ་	བྷ་	NO_POS
ཝ་	ཝ་	OTHER
མ་	མ་	PART
ཧཱ་		NON_WORD
མ་ཎི་	མ་ཎི་	OTHER
དུ་	ལ་	PART
རུ་	ལ་	PART
དུ་	ལ་	PART
རུ་	ལ་	PART
ཧྲི་		NON_WORD
ད་	ད་	ADV
ཡ་	ཡ་	NOUN
ཛོ་	ཛོ་	NO_POS
ལ་	ལ་	PART
ནི་	ནི་	NO_POS
སྭཱ་		NON_WORD
ཧཱ་		NON_WORD
།		PUNCT
ན་	ལ་	PART
མསྶ་		NON_WORD
མནྟ་		NON_WORD
བུདྡྷཱ་		NON_WORD
ནཱཾ་		NON_WORD
གྲ་	གྲ་	NOUN
ཏེ་	སྟེ་	PART
ཤྭ་	ཤྭ་	NO_POS
རི་	རི་	NOUN
པྲ་	པྲ་	NOUN
བྷཉྫ་		NON_WORD
ན་མ་	ན་མ་	PROPN
ཧཱ་		NON_WORD
ས་	ས་	ADP
མ་	མ་	PART
ཡ་	ཡ་	NOUN
ཧཱུྃ་		NON_WORD
ཕཊ་		NON_WORD
།		PUNCT
ཅེས་	ཅེས་	PART
བརྗོད་	བརྗོད་	VERB
ཅིང་	ཅིང་	PART
ཕྱག་རྒྱ་	ཕྱག་རྒྱ་	NOUN
རྣམས་	རྣམས་	DET
བྱ་	བྱ་	VERB
འོ་	གོ་	PART
། །		PUNCT
གཞུང་དངོས་	གཞུང་དངོས་	OTHER
ལ་	ལ་	PART
འཇུག་པ་	འཇུག་པ་	VERB
འི་	གི་	PART
བདག་བསྐྱེད་	བདག་བསྐྱེད་	OTHER
ནི་	ནི་	NO_POS
།		PUNCT
ཧཱུྃ་		NON_WORD
།		PUNCT
ཀློང་	ཀློང་	NOUN
བདེ་ཆེན་	བདེ་ཆེན་	NOUN
མི་	མི་	PART
འགྱུར་	འགྱུར་	VERB
ཞི་བ་	ཞི་བ་	VERB
འི་	གི་	PART
ངང་	ངང་	NOUN
། །		PUNCT
མགོན་	མགོན་	NOUN
ཐུགས་རྗེ་	ཐུགས་རྗེ་	NOUN
ཆེན་པོ་	ཆེན་པོ་	ADJ
འི་	གི་	PART
འོད་ཟེར་	འོད་ཟེར་	NOUN
གྱི་	གི་	PART
། །		PUNCT
ཞིང་	ཅིང་	PART
དག་པ་	དག་པ་	VERB
རབ་འབྱམས་	རབ་འབྱམས་	ADJ
པདྨ་	པདྨ་	NOUN
འདི་	འདི་	DET
། །		PUNCT
གནས་	གནས་	NOUN
ཟངས་མདོག་	ཟངས་མདོག་	PROPN
དཔལ་	དཔལ་	OTHER
རི་	རི་	NOUN
འི་	གི་	PART
ཕོ་བྲང་	ཕོ་བྲང་	NOUN
ན་	ལ་	PART
། །		PUNCT
རྗེ་	རྗེ་	NO_POS
རྒྱལ་བ་	རྒྱལ་བ་	NOUN
ཀུན་	ཀུན་	DET
འདུ་	འདུ་	VERB
པདྨ་	པདྨ་	NOUN
འབྱུང་	འབྱུང་	VERB
། །		PUNCT
སྐུ་	སྐུ་	NOUN
མཚན་དཔེ་	མཚན་དཔེ་	NOUN
འི་	གི་	PART
འཛུམ་	འཛུམ་	NO_POS
འོད་	འོད་	NOUN
མེ་	མེ་	NOUN
རེ་རེ་	རེ་རེ་	DET
། །		PUNCT
གསུང་	གསུང་	VERB
ཚངས་པ་	ཚངས་པ་	PROPN
འི་	གི་	PART
དབྱངས་སྙན་	དབྱངས་སྙན་	OTHER
དིར་	དིར་	NO_POS
རི་	རི་	NOUN
རི་	རི་	NOUN
། །		PUNCT
ཐུགས་	ཐུགས་	NOUN
གསལ་སྟོང་	གསལ་སྟོང་	NO_POS
འཛིན་	འཛིན་	VERB
མེད་	མེད་	VERB
ཧྲིགས་		NON_WORD
སེ་	སེ་	NO_POS
ཧྲིག་	ཧྲིག་	NO_POS
།		PUNCT
ལྷ་	ལྷ་	NOUN
ཞི་	ཞི་	VERB
ཁྲོ་	ཁྲོ་	VERB
འི་	གི་	PART
འགྱིང་བག་	འགྱིང་བག་	NO_POS
གཤིགས་		NON_WORD
སེ་	སེ་	NO_POS
ཤིག་	ཅིག་	PART
།		PUNCT
ཡབ་	ཡབ་	NOUN
དཔའ་བོ་	དཔའ་བོ་	NOUN
འི་	གི་	PART
གར་སྟབས་	གར་སྟབས་	NO_POS
ཁྲབས་		NON_WORD
སེ་	སེ་	NO_POS
ཁྲབ་	ཁྲབ་	NOUN
། །		PUNCT
མ་	མ་	PART
དཔའ་མོ་	དཔའ་མོ་	NOUN
འི་	གི་	PART
གླུ་	གླུ་	NOUN
ལེན་	ལེན་	VERB
ཤ་	ཤ་	VERB
ར་ར་	ར་ར་	NO_POS
། །		PUNCT
དིང་	དིང་	NO_POS
ཕོ་ཉ་	ཕོ་ཉ་	NOUN
འི་	གི་	PART
བྲོ་	བྲོ་	VERB
བརྡུང་	བརྡུང་	NO_POS
ཆེམས་	ཆེམས་	NO_POS
སེ་	སེ་	NO_POS
ཆེམ་	ཆེམ་	NO_POS
། །		PUNCT
མདངས་	མདངས་	NOUN
འཇའ་	འཇའ་	NOUN
མཚོན་	མཚོན་	NOUN
འོད་	འོད་	NOUN
ལྔ་	ལྔ་	NUM
ཁྱུགས་		NON_WORD
སེ་	སེ་	NO_POS
ཁྱུག་	ཁྱུག་	NO_POS
།		PUNCT
ཁྱེད་	ཁྱེད་	PRON
ཐུགས་རྗེ་	ཐུགས་རྗེ་	NOUN
ཆེན་པོ་	ཆེན་པོ་	ADJ
འི་	གི་	PART
བྱིན་རླབས་	བྱིན་རླབས་	NOUN
ཀྱི་	གི་	PART
། །		PUNCT
གནས་	གནས་	NOUN
འདི་རུ་	འདི་རུ་	NO_POS
བྱིན་	བྱིན་	VERB
ཆེན་	ཆེན་	NO_POS
ཆ་	ཆ་	NOUN
ར་	ལ་	PART
ལྟ་	ལྟ་	OTHER
ཕོབ་	ཕོབ་	VERB
། །		PUNCT
རྫ་	རྫ་	NOUN
བསང་མཆོད་	བསང་མཆོད་	OTHER
ཀུན་	ཀུན་	DET
ལ་	ལ་	PART
ནུས་པ་	ནུས་པ་	VERB
སྐྱེད་	སྐྱེད་	VERB
། །		PUNCT
བདག་	བདག་	PRON
འདི་	འདི་	DET
ར་	ལ་	PART
ཚོགས་	ཚོགས་	NOUN
རྣམས་	རྣམས་	DET
ལ་	ལ་	PART
དངོས་གྲུབ་	དངོས་གྲུབ་	NOUN
སྩོལ་	སྩོལ་	VERB
། །		PUNCT
ཨོཾ་	ཨོཾ་	X
ཨཱཿ་		NON_WORD
ཧཱུྃ་		NON_WORD
བཛྲ་	བཛྲ་	NO_POS
གུ་རུ་	གུ་རུ་	PROPN
པདྨ་	པདྨ་	NOUN
སིདྡྷི་		NON_WORD
ཧཱུྃ་		NON_WORD
།		PUNCT
མགྲོན་	མགྲོན་	NOUN
སྤྱན་	སྤྱན་	NOUN
འདྲེན་པ་	འདྲེན་པ་	VERB
ནི་	ནི་	NO_POS
།		PUNCT
ཀྱཻ་		NON_WORD
།		PUNCT
གདོད་	གདོད་	NO_POS
ན་	ནས་	PART
རྣམ་དག་	རྣམ་དག་	ADJ
འཁོར་བ་	འཁོར་བ་	NOUN
མྱ་ངན་	མྱ་ངན་	NOUN
འདའ་	འདའ་	VERB
། །		PUNCT
མ་	མ་	PART
སྐྱེ་	སྐྱེ་	VERB
མི་	མི་	PART
འགག་	འགག་	VERB
ས་	གིས་	PART
ལྷུན་གྲུབ་	ལྷུན་གྲུབ་	OTHER
གཞལ་ཡས་	གཞལ་ཡས་	ADJ
ཁང་	ཁང་	NOUN
། །		PUNCT
ཆོས་སྐུ་	ཆོས་སྐུ་	NOUN
འི་	གི་	PART
དཀྱིལ་འཁོར་	དཀྱིལ་འཁོར་	NOUN
ལོངས་སྐུ་	ལོངས་སྐུ་	NOUN
འི་	གི་	PART
རྒྱན་	རྒྱན་	NOUN
གྱིས་	གིས་	PART
མཛེ་	མཛེ་	VERB
། །		PUNCT
སྤྲུལ་སྐུ་	སྤྲུལ་སྐུ་	NOUN
འི་	གི་	PART
མཆོད་སྤྲིན་	མཆོད་སྤྲིན་	OTHER
ནམ་མཁའ་	ནམ་མཁའ་	NOUN
མཐའ་	མཐའ་	NOUN
བཀང་	བཀང་	VERB
ཞིང་	ཅིང་	PART
། །		PUNCT
དེ་	སྟེ་	PART
དབུ་	དབུ་	NOUN
མཛེས་ལྡན་	མཛེས་ལྡན་	NO_POS
མདུན་	མདུན་	NOUN
གྱི་	གི་	PART
ནམ་མཁའ་	ནམ་མཁའ་	NOUN
ལ་	ལ་	PART
། །		PUNCT
སྐྱབས་གནས་	སྐྱབས་གནས་	NOUN
བླ་མ་	བླ་མ་	NOUN
མཆོག་	མཆོག་	ADJ
དང་	དང་	NO_POS
དཀོན་མཆོག་	དཀོན་མཆོག་	NOUN
གསུམ་	གསུམ་	NUM
། །		PUNCT
ཡི་དམ་	ཡི་དམ་	NOUN
ཆོས་སྐྱོང་	ཆོས་སྐྱོང་	NOUN
དམ་ཅན་	དམ་ཅན་	NOUN
ཆོས་སྲུང་བ་	ཆོས་སྲུང་བ་	OTHER
། །		PUNCT
མཐུན་	མཐུན་	VERB
རྐྱེན་	རྐྱེན་	NOUN
སྤེལ་	སྤེལ་	VERB
མཛད་	མཛད་	VERB
རིགས་	རིགས་	NOUN
བརྒྱུད་	བརྒྱུད་	NO_POS
འགོ་བ་	འགོ་བ་	NO_POS
འི་	གི་	PART
ལྷ་	ལྷ་	NOUN
། །		PUNCT
སྲིད་	སྲིད་	NOUN
གསུམ་	གསུམ་	NUM
གནས་པ་	གནས་པ་	VERB
འི་	གི་	PART
སྡེ་བརྒྱད་	སྡེ་བརྒྱད་	OTHER
གཞི་བདག་	གཞི་བདག་	NOUN
སོགས་	སོགས་	DET
། །		PUNCT
མ་	མ་	PART
ལུས་	ལུས་	NOUN
སྤྱན་	སྤྱན་	NOUN
འདྲེན་	འདྲེན་	NO_POS
ཐོགས་མེད་	ཐོགས་མེད་	PROPN
འདི་	འདི་	DET
ར་	ལ་	PART
གཤེགས་	གཤེགས་	VERB
ལ་	ལ་	PART
། །		PUNCT
རང་རང་	རང་རང་	NO_POS
དགྱེས་པ་	དགྱེས་པ་	VERB
འི་	གི་	PART
སྟན་	སྟན་	NOUN
ལ་	ལ་	PART
བརྟན་པ་	བརྟན་པ་	VERB
ར་	ལ་	PART
བཞུགས་	བཞུགས་	VERB
། །		PUNCT
ཕྱི་	ཕྱི་	NOUN
ནང་མཆོད་	ནང་མཆོད་	NOUN
ཚོགས་	ཚོགས་	NOUN
བསངས་	བསངས་	NO_POS
ཀྱིས་	གིས་	PART
མཉེས་	མཉེས་	VERB
གྱུར་ཅིག་	གྱུར་ཅིག་	NO_POS
།		PUNCT
བསང་	བསང་	OTHER
གྱེར་བ་	གྱེར་བ་	NO_POS
ནི་	ནི་	NO_POS
།		PUNCT
ཧཱུྃ་		NON_WORD
།		PUNCT
འགྱུར་མེད་	འགྱུར་མེད་	NOUN
མཁའ་ཁྱབ་	མཁའ་ཁྱབ་	NOUN
ཆོས་སྐུ་	ཆོས་སྐུ་	NOUN
སྤྲོས་བྲལ་	སྤྲོས་བྲལ་	ADJ
ལ་	ལ་	PART
། །		PUNCT
གསང་	གསང་	VERB
གསུམ་	གསུམ་	NUM
མི་ཟད་	མི་ཟད་	NO_POS
རྣམ་	རྣམ་	NOUN
རོལ་	རོལ་	VERB
ལོངས་སྤྱོད་	ལོངས་སྤྱོད་	NOUN
རྫོགས་	རྫོགས་	VERB
། །		PUNCT
ཐུགས་རྗེ་	ཐུགས་རྗེ་	NOUN
ས་	གིས་	PART
འགྲོ་	འགྲོ་	VERB
ལ་	ལ་	PART
ཅིར་	ཅིར་	NO_POS
སྣང་	སྣང་	VERB
སྤྲུལ་པ་	སྤྲུལ་པ་	VERB
འི་	གི་	PART
སྐུ་	སྐུ་	NOUN
། །		PUNCT
འགྲོ་བ་	འགྲོ་བ་	VERB
འི་	གི་	PART
དབང་པོ་	དབང་པོ་	NOUN
ར་	ལ་	PART
འཚམ་པ་	འཚམ་པ་	VERB
འི་	གི་	PART
སྒྱུ་	སྒྱུ་	NOUN
དྲྭའི་		NON_WORD
ག་	ག་	NOUN
། །		PUNCT
གཞོམ་	གཞོམ་	NO_POS
གཞིག་	གཞིག་	VERB
བྲལ་བ་	བྲལ་བ་	VERB
འཇའ་ལུས་	འཇའ་ལུས་	OTHER
རྡོ་རྗེ་	རྡོ་རྗེ་	NOUN
འི་	གི་	PART
སྐུ་	སྐུ་	NOUN
། །		PUNCT
འགག་པ་	འགག་པ་	VERB
མེད་པ་	མེད་པ་	VERB
འི་	གི་	PART
སྒྲ་དབྱངས་	སྒྲ་དབྱངས་	NOUN
ནཱ་	ནཱ་	NO_POS
ད་	ད་	ADV
འི་	གི་	PART
གསུང་	གསུང་	VERB
། །		PUNCT
ཤེས་བྱ་	ཤེས་བྱ་	VERB
ཀུན་མཁྱེན་	ཀུན་མཁྱེན་	OTHER
རང་	རང་	PRON
རྩལ་	རྩལ་	NOUN
རིག་པ་	རིག་པ་	VERB
འི་	གི་	PART
ཐུགས་	ཐུགས་	NOUN
། །		PUNCT
གདོད་	གདོད་	NO_POS
ན་	ནས་	PART
རྣམ་དག་	རྣམ་དག་	ADJ
ལྷུན་གྲུབ་	ལྷུན་གྲུབ་	OTHER
ཀུན་	ཀུན་	DET
ཏུ་	ལ་	PART
བཟང་	བཟང་	VERB
། །		PUNCT
མ་རིག་	མ་རིག་	NOUN
འཁྲུལ་	འཁྲུལ་	NO_POS
ངོ་	ངོ་	PART
ར་	ལ་	PART
འཁོར་བ་	འཁོར་བ་	NOUN
འི་	གི་	PART
ཆུ་	ཆུ་	NOUN
ནང་	ནང་	NOUN
དུ་	ལ་	PART
། །		PUNCT
ཕན་གནོད་	ཕན་གནོད་	NOUN
བྱེད་པོ་	བྱེད་པོ་	VERB
ར་	ལ་	PART
བཏགས་པ་	བཏགས་པ་	VERB
འི་	གི་	PART
འཇིག་རྟེན་	འཇིག་རྟེན་	NOUN
ལྷ་	ལྷ་	NOUN
། །		PUNCT
ཟླ་བ་	ཟླ་བ་	NOUN
གཅིག་	གཅིག་	NUM
ལ་	ལ་	ADP
ས་	གིས་	PART
ཤར་བ་	ཤར་བ་	VERB
འི་	གི་	PART
འབུམ་ཕྲག་	འབུམ་ཕྲག་	OTHER
གཟུགས་	གཟུགས་	NOUN
། །		PUNCT
ཇི་བཞིན་	ཇི་བཞིན་	OTHER
རང་	རང་	PRON
གི་	གི་	PART
སེམས་	སེམས་	NOUN
ཀྱི་	གི་	PART
རོལ་པ་	རོལ་པ་	VERB
འི་	གི་	PART
རྩལ་	རྩལ་	NOUN
། །		PUNCT
དག་	དག་	DET
དང་	དང་	NO_POS
འདག་	འདག་	VERB
བྱ་	བྱ་	VERB
དག་བྱེད་	དག་བྱེད་	OTHER
ཡུལ་	ཡུལ་	NOUN
བྲལ་	བྲལ་	VERB
ཡང་	ཀྱང་	PART
། །		PUNCT
སྒྱུ་མ་	སྒྱུ་མ་	NOUN
འི་	གི་	PART
སྐྱེས་བུ་	སྐྱེས་བུ་	NOUN
འི་	གི་	PART
འཁྲུལ་	འཁྲུལ་	NO_POS
འཁོར་	འཁོར་	NOUN
ཇི་བཞིན་	ཇི་བཞིན་	OTHER
དུ་	ལ་	PART
། །		PUNCT
མི་གཙང་	མི་གཙང་	NO_POS
ཉེས་པ་	ཉེས་པ་	VERB
འི་	གི་	PART
ཚོགས་	ཚོགས་	NOUN
ཀུན་	ཀུན་	DET
སེལ་བ་	སེལ་བ་	VERB
དང་	དང་	NO_POS
། །		PUNCT
དངོས་གྲུབ་	དངོས་གྲུབ་	NOUN
སྩོལ་	སྩོལ་	VERB
ཕྱི་	ཕྱི་	OTHER
བསངས་	བསངས་	NO_POS
ཀྱི་	གི་	PART
མཆོད་པ་	མཆོད་པ་	VERB
འབུལ་	འབུལ་	NO_POS
། །		PUNCT
ཀྱཻ་		NON_WORD
།		PUNCT
ཀུན་དག་	ཀུན་དགའ་	PROPN
འི་	གི་	PART
དཔལ་	དཔལ་	OTHER
སྟེར་	སྟེར་	VERB
དཔྱིད་	དཔྱིད་	NOUN
ཀྱི་	གི་	PART
ཕོ་ཉ་	ཕོ་ཉ་	NOUN
ཡི་	གིས་	PART
། །		PUNCT
ལེགས་	ལེགས་	VERB
དྲངས་ཆུ་	དྲངས་ཆུ་	NO_POS
འཛིན་	འཛིན་	VERB
གསར་པ་	གསར་པ་	VERB
འི་	གི་	PART
ལང་ལོང་	ལང་ལོང་	OTHER
ཅན་	ཅན་	PART
། །		PUNCT
ལྷ་ལམ་	ལྷ་ལམ་	NO_POS
འགྲམ་པ་	འགྲམ་པ་	VERB
འི་	གི་	PART
ངོ་	ངོ་	NOUN
སུ་	ལ་	PART
འཁྲིགས་པ་	འཁྲིགས་པ་	VERB
དང་	དང་	NO_POS
། །		PUNCT
ལྷན་ཅིག་	ལྷན་ཅིག་	OTHER
དབྱར་	དབྱར་	ADV
གྱི་	གི་	PART
རྔ་གསང་	རྔ་གསང་	NO_POS
སྟོང་	སྟོང་	NUM
ལྡིར་	ལྡིར་	NO_POS
ཞིང་	ཅིང་	PART
། །		PUNCT
མུན་སེལ་	མུན་སེལ་	NOUN
དམར་	དམར་	VERB
འོད་	འོད་	NOUN
གློག་	གློག་	NOUN
གི་	གི་	PART
ཞགས་པ་	ཞགས་པ་	NOUN
འཁྱུག་	འཁྱུག་	VERB
།		PUNCT
ནམ་ཡང་	ནམ་ཡང་	OTHER
འཛད་པ་	འཛད་པ་	VERB
མེད་པ་	མེད་པ་	VERB
འི་	གི་	PART
ཆར་རྒྱུན་	ཆར་རྒྱུན་	OTHER
གྱིས་	གིས་	PART
། །		PUNCT
གསེར་	གསེར་	NOUN
ལྡན་	ལྡན་	VERB
དགའ་མ་	དགའ་མ་	NOUN
འི་	གི་	PART
བཞིན་རས་	བཞིན་རས་	OTHER
ཡོངས་	ཡོངས་	DET
བཀྲུས་	བཀྲུས་	NO_POS
ཚེ་	ཚེ་	NOUN
། །		PUNCT
རྩི་ཤིང་	རྩི་ཤིང་	NOUN
སྨན་མཆོག་	སྨན་མཆོག་	OTHER
སྐྲ་	སྐྲ་	NOUN
ཡི་	གི་	PART
ལན་བུ་	ལན་བུ་	NO_POS
གཡོ་	གཡོ་	VERB
། །		PUNCT
དྲི་བཟང་	དྲི་བཟང་	NOUN
ངད་ལྡན་	ངད་ལྡན་	ADJ
རྐང་འཐུང་	རྐང་འཐུང་	NOUN
ཡལ་འདབ་	ཡལ་འདབ་	NOUN
དང་	དང་	NO_POS
། །		PUNCT
འབྲུ་མ་	འབྲུ་མ་	NOUN
རིན་ཆེན་	རིན་ཆེན་	OTHER
རྩི་བཅུད་	རྩི་བཅུད་	NOUN
བསྲེགས་པ་	བསྲེགས་པ་	VERB
ཡི་	གི་	PART
། །		PUNCT
དུད་པ་	དུད་པ་	NOUN
འི་	གི་	PART
སྤྲིན་ཚོགས་	སྤྲིན་ཚོགས་	OTHER
ལྷ་	ལྷ་	NOUN
ཡི་	གི་	PART
ཆུ་བོ་	ཆུ་བོ་	NOUN
ལྟ་	ལྟ་	OTHER
། །		PUNCT
མི་	མི་	PART
མཐུན་	མཐུན་	VERB
ཉེ་	ཉེ་	VERB
ས་	གིས་	PART
ཀུན་	ཀུན་	DET
སེལ་བ་	སེལ་བ་	VERB
འི་	གི་	PART
ཆོ་ག་	ཆོ་ག་	NOUN
མཁན་	མཁན་	PROPN
། །		PUNCT
དེ་ཕྱིར་	དེ་ཕྱིར་	NO_POS
རྒྱལ་དབང་	རྒྱལ་དབང་	NOUN
པདྨ་	པདྨ་	NOUN
སམྦྷ་		NON_WORD
བ་	བ་	ADP
། །		PUNCT
གངས་ཅན་	གངས་ཅན་	ADJ
བསྟན་པ་	བསྟན་པ་	VERB
འི་	གི་	PART
སྒྲོན་མེ་	སྒྲོན་མེ་	NOUN
སྦར་བ་	སྦར་བ་	VERB
འི་	གི་	PART
ཚེ་	ཚེ་	NOUN
། །		PUNCT
བསང་མཆོད་	བསང་མཆོད་	OTHER
འཕྲིན་ལས་	འཕྲིན་ལས་	NOUN
གྲངས་མེད་	གྲངས་མེད་	NOUN
རྒྱ་	རྒྱ་	VERB
བཏབ་	བཏབ་	VERB
སྟེ་	སྟེ་	PART
། །		PUNCT
འཇིགས་མེད་	འཇིགས་མེད་	PROPN
སྒྲོམ་བུ་	སྒྲོམ་བུ་	NOUN
ར་	ལ་	PART
གསང་བ་	གསང་བ་	VERB
འི་	གི་	PART
གཏེར་	གཏེར་	NOUN
དུ་	ལ་	PART
སྦ་	སྦ་	PROPN
ས་	གིས་	PART
། །		PUNCT
མགོན་	མགོན་	NOUN
དེ་	དེ་	DET
ར་	ལ་	PART
མོ་	མོ་	VERB
ལྡན་	ལྡན་	VERB
རྡོ་རྗེ་	རྡོ་རྗེ་	NOUN
འི་	གི་	PART
མཆེད་ལྕམ་	མཆེད་ལྕམ་	NOUN
རྣམས་	རྣམས་	DET
། །		PUNCT
སྔོན་རབས་	སྔོན་རབས་	NO_POS
དམ་པ་	དམ་པ་	VERB
འི་	གི་	PART
རྗེས་སུ་	རྗེས་སུ་	OTHER
འཇུག་པ་	འཇུག་པ་	VERB
འི་	གི་	PART
བློ་	བློ་	NOUN
ས་	གིས་	PART
། །		PUNCT
ཀུན་བཟང་	ཀུན་བཟང་	ADJ
མཆོད་པ་	མཆོད་པ་	VERB
འི་	གི་	PART
སྤྲིན་	སྤྲིན་	NOUN
ལ་	ལ་	PART
འགྲན་	འགྲན་	NO_POS
ནུས་པ་	ནུས་པ་	VERB
འི་	གི་	PART
། །		PUNCT
གུས་པ་	གུས་པ་	VERB
འི་	གི་	PART
ལྷ་	ལྷ་	NOUN
བསང་མཆོད་	བསང་མཆོད་	OTHER
ལ་	ལ་	ADP
ས་	གིས་	PART
སྲི་ཞུ་	སྲི་ཞུ་	NOUN
ར་	ལ་	PART
བགྱི་	བགྱི་	VERB
། །		PUNCT
ཀྱཻ་		NON_WORD
།		PUNCT
གསེར་	གསེར་	NOUN
གྱི་	གི་	PART
མདངས་	མདངས་	NOUN
ལ་	ལ་	PART
འཁུ་བ་	འཁུ་བ་	NO_POS
འི་	གི་	PART
ལོ་འདབ་	ལོ་འདབ་	NOUN
ཚོགས་	ཚོགས་	NOUN
། །		PUNCT
གཡུ་	གཡུ་	NOUN
ར་	ལ་	PART
དུ་	ལ་	PART
ཟ་བ་	ཟ་བ་	VERB
འི་	གི་	PART
ལྗོན་ཤིང་	ལྗོན་ཤིང་	NOUN
སྟག་པ་	སྟག་པ་	NOUN
ས་	གིས་	PART
བསངས་	བསངས་	NO_POS
། །		PUNCT
གཡུ་	གཡུ་	NOUN
ཡི་	གི་	PART
མདོག་	མདོག་	NOUN
ཅན་	ཅན་	PART
གནམ་	གནམ་	NOUN
སྔོན་	སྔོན་	ADV
ཞུན་མ་	ཞུན་མ་	NO_POS
དག་	དག་	DET
།		PUNCT
འཁྱིལ་	འཁྱིལ་	NO_POS
འདྲ་	འདྲ་	VERB
འི་	གི་	PART
འདབ་མ་	འདབ་མ་	NOUN
རབ་	རབ་	ADV
རྒྱ་	རྒྱ་	VERB
ཤུག་པ་	ཤུག་པ་	NO_POS
ས་	གིས་	PART
བསངས་	བསངས་	NO_POS
། །		PUNCT
རབ་དཀར་	རབ་དཀར་	OTHER
དུང་	དུང་	NOUN
གི་	གི་	PART
མདངས་	མདངས་	NOUN
ལ་	ལ་	PART
འགྲན་	འགྲན་	NO_POS
བཟོད་པ་	བཟོད་པ་	VERB
འི་	གི་	PART
། །		PUNCT
ཕང་ཕུང་	ཕང་ཕུང་	NO_POS
འདབ་མ་	འདབ་མ་	NOUN
བཞད་པ་	བཞད་པ་	PROPN
འི་	གི་	PART
འཁན་པ་	འཁན་པ་	NO_POS
ས་	གིས་	PART
བསངས་	བསངས་	NO_POS
། །		PUNCT
མཆོང་	མཆོང་	VERB
གི་	གི་	PART
མདོག་	མདོག་	NOUN
ལྟ་	ལྟ་	OTHER
རབ་	རབ་	ADV
དམར་	དམར་	VERB
ལོ་འདབ་	ལོ་འདབ་	NOUN
ཀྱི་	གི་	PART
། །		PUNCT
ཕང་ཕུང་	ཕང་ཕུང་	NO_POS
མཛེས་པ་	མཛེས་པ་	VERB
ར་	ལ་	PART
རྒོད་པ་	རྒོད་པ་	VERB
འི་	གི་	PART
བ་ལུ་	བ་ལུ་	NO_POS
ས་	གིས་	PART
བསངས་	བསངས་	NO_POS
། །		PUNCT
བཟང་དྲུག་	བཟང་དྲུག་	NO_POS
སྨན་	སྨན་	NOUN
དང་	དང་	NO_POS
སྤོས་དཀར་	སྤོས་དཀར་	NO_POS
མ་ནུ་	མ་ནུ་	NO_POS
དང་	དང་	NO_POS
། །		PUNCT
ཙན་དན་	ཙན་དན་	NOUN
དཀར་དམར་	དཀར་དམར་	OTHER
ཨ་	ཨ་	X
ཀ་རུ་	ཀ་རུ་	NO_POS
ཡི་	གིས་	PART
བསངས་	བསངས་	NO_POS
། །		PUNCT
བདུད་རྩི་	བདུད་རྩི་	NOUN
ཅན་	ཅན་	PART
གྱི་	གི་	PART
ལྗོན་པ་	ལྗོན་པ་	OTHER
འི་	གི་	PART
ཤིང་	ཅིང་	PART
གི་	གི་	PART
ཚོགས་	ཚོགས་	NOUN
། །		PUNCT
ཕྱེ་མ་	ཕྱེ་མ་	OTHER
ཟས་ཕུད་	ཟས་ཕུད་	NO_POS
འབྲུ་སྣ་	འབྲུ་སྣ་	NOUN
འི་	གི་	PART
རིགས་	རིགས་	NOUN
ཀྱིས་	གིས་	PART
བསངས་	བསངས་	NO_POS
། །		PUNCT
ད་	ད་	NOUN
དང་	དང་	NO_POS
ཟ་འོག་	ཟ་འོག་	NOUN
རིན་ཆེན་	རིན་ཆེན་	OTHER
རྣམ་པ་	རྣམ་པ་	NOUN
ལྔ་	ལྔ་	NUM
། །		PUNCT
དཀར་གསུམ་	དཀར་གསུམ་	NO_POS
མངར་གསུམ་	མངར་གསུམ་	NO_POS
ལ་སོགས་	ལ་སོགས་	NO_POS
མཐུན་པ་	མཐུན་པ་	VERB
འི་	གི་	PART
རྫ་	རྫ་	NOUN
། །		PUNCT
ཏིང་འཛིན་	ཏིང་འཛིན་	NOUN
སྔགས་	སྔགས་	NOUN
དང་	དང་	NO_POS
ཕྱག་རྒྱ་	ཕྱག་རྒྱ་	NOUN
ས་	གིས་	PART
བྱིན་	བྱིན་	VERB
བརླབས་	བརླབས་	NO_POS
ན་	ནས་	PART
། །		PUNCT
རང་རང་	རང་རང་	NO_POS
འདོད་པ་	འདོད་པ་	VERB
འི་	གི་	PART
དངོས་པོ་	དངོས་པོ་	NOUN
ར་	ལ་	PART
གྱུར་པ་	གྱུར་པ་	VERB
ས་	གིས་	PART
བསངས་	བསངས་	NO_POS
། །		PUNCT
ཀྱཻ་		NON_WORD
།		PUNCT
ཚེ་	ཚེ་	NOUN
གཅིག་	གཅིག་	NUM
སངས་རྒྱས་	སངས་རྒྱས་	NOUN
སྒྲུབ་པ་	སྒྲུབ་པ་	VERB
ཟབ་མོ་	ཟབ་མོ་	ADJ
འི་	གི་	PART
ཐེག་	ཐེག་	VERB
།		PUNCT
སྨིན་	སྨིན་	VERB
བྱེད་	བྱེད་	VERB
དབང་	དབང་	NOUN
དང་	དང་	NO_POS
གྲོལ་བ་	གྲོལ་བ་	VERB
ར་	ལ་	PART
བྱེད་པ་	བྱེད་པ་	VERB
འི་	གི་	PART
ཁྲིད་	ཁྲིད་	VERB
། །		PUNCT
རྒྱབ་རྟེན་	རྒྱབ་རྟེན་	NOUN
ལུང་	ལུང་	NOUN
དང་	དང་	NO_POS
རྒྱུད་	རྒྱུད་	NOUN
བཤད་	བཤད་	VERB
མན་ངག་	མན་ངག་	NOUN
དང་	དང་	NO_POS
། །		PUNCT
བཀའ་	བཀའ་	NOUN
གཏེར་	གཏེར་	NOUN
གདམས་པ་	གདམས་པ་	VERB
སྩོལ་བ་	སྩོལ་བ་	VERB
འི་	གི་	PART
བྱེད་པ་པོ་	བྱེད་པ་པོ་	NOUN
། །		PUNCT
ཁྱབ་བདག་	ཁྱབ་བདག་	OTHER
ཐོག་མ་	ཐོག་མ་	NOUN
འི་	གི་	PART
མགོན་པོ་	མགོན་པོ་	NOUN
ན་	ནས་	PART
བཟུང་	བཟུང་	NO_POS
སྟེ་	སྟེ་	PART
། །		PUNCT
དྲིན་ཅན་	དྲིན་ཅན་	ADJ
རྩ་བ་	རྩ་བ་	NOUN
འི་	གི་	PART
བླ་མ་	བླ་མ་	NOUN
འི་	གི་	PART
བ་	བ་	NOUN
བྱོན་པ་	བྱོན་པ་	VERB
འི་	གི་	PART
། །		PUNCT
རྒྱ་བོད་	རྒྱ་བོད་	PROPN
མཁའ་	མཁའ་	VERB
དང་	དང་	NO_POS
གྲུབ་པ་	གྲུབ་པ་	VERB
འི་	གི་	PART
རིག་འཛིན་	རིག་འཛིན་	OTHER
ཚོགས་	ཚོགས་	NOUN
། །		PUNCT
དངོ་	དངོ་	NOUN
བརྒྱུད་	བརྒྱུད་	NO_POS
རྡོ་རྗེ་	རྡོ་རྗེ་	NOUN
སློབ་དཔོན་	སློབ་དཔོན་	NOUN
ཐམས་ཅད་	ཐམས་ཅད་	DET
བསངས་	བསངས་	NO_POS
། །		PUNCT
སྡེ་སྣོད་	སྡེ་སྣོད་	NOUN
གསུམ་	གསུམ་	NUM
དང་	དང་	NO_POS
སྒྲ་ཚད་	སྒྲ་ཚད་	NOUN
བཟོ་	བཟོ་	NO_POS
གསོ་	གསོ་	NO_POS
སོགས་	སོགས་	DET
། །		PUNCT
གྲངས་མེད་	གྲངས་མེད་	NOUN
རིག་པ་	རིག་པ་	VERB
འི་	གི་	PART
གནས་	གནས་	NOUN
རྣམས་	རྣམས་	DET
སྟོན་	སྟོན་	VERB
མཁས་པ་	མཁས་པ་	VERB
འི་	གི་	PART
། །		PUNCT
འཕགས་ཡུལ་	འཕགས་ཡུལ་	NOUN
ཁ་བ་	ཁ་བ་	NOUN
འི་	གི་	PART
ལྗོངས་	ལྗོངས་	NOUN
འདི་	འདི་	DET
ར་	ལ་	PART
སྔ་	སྔ་	ADV
བྱུང་	བྱུང་	VERB
དང་	དང་	NO_POS
། །		PUNCT
ད་ལྟ་		
བྱོན་པ་	བྱོན་པ་	VERB
འི་	གི་	PART
མཁས་གྲུབ་	མཁས་གྲུབ་	NOUN
ཐམས་ཅད་	ཐམས་ཅད་	DET
བསངས་	བསངས་	NO_POS
། །		PUNCT
ཁ་བ་	ཁ་བ་	NOUN
ཅན་	ཅན་	PART
དུ་	ལ་	PART
ཐུབ་བསྟན་	ཐུབ་བསྟན་	NOUN
ཆོ་	ཆོ་	NOUN
ཀྱི་	གི་	PART
སྒོ་	སྒོ་	NOUN
། །		PUNCT
ཐོག་མ་	ཐོག་མ་	NOUN
ར་	ལ་	PART
འདྲེན་	འདྲེན་	NO_POS
མཛད་	མཛད་	VERB
ཁྲི་	ཁྲི་	NUM
སྲོང་	སྲོང་	NO_POS
ལྷ་	ལྷ་	NOUN
འི་	གི་	PART
མེ་ཏོག་	མེ་ཏོག་	NOUN
།		PUNCT
དུས་གསུམ་	དུས་གསུམ་	OTHER
སངས་རྒྱས་	སངས་རྒྱས་	NOUN
ངོ་བོ་	ངོ་བོ་	NOUN
པདྨ་	པདྨ་	NOUN
འབྱུང་	འབྱུང་	VERB
། །		PUNCT
མཁན་ཆེན་	མཁན་ཆེན་	OTHER
ཞི་	ཞི་	VERB
འཚོ་	འཚོ་	VERB
རྗེ་འབངས་	རྗེ་འབངས་	OTHER
ཉེ་	ཉེ་	NUM
ལྔ་	ལྔ་	NUM
སོགས་	སོགས་	DET
། །		PUNCT
བཀའ་དྲིན་	བཀའ་དྲིན་	NOUN
མཚུངས་པ་	མཚུངས་པ་	VERB
མེད་པ་	མེད་པ་	VERB
ཐམས་ཅད་	ཐམས་ཅད་	DET
བསངས་	བསངས་	NO_POS
། །		PUNCT
ལྷ་ཆོས་	ལྷ་ཆོས་	NOUN
བདུན་	བདུན་	NUM
ལྡན་	ལྡན་	VERB
ཇོ་བོ་	ཇོ་བོ་	NOUN
ཡབ་	ཡབ་	NOUN
སྲ་	སྲ་	NOUN
དང་	དང་	NO_POS
། །		PUNCT
བསྟན་པ་	བསྟན་པ་	VERB
འི་	གི་	PART
མངའ་བདག་	མངའ་བདག་	NOUN
བརྩེ་	བརྩེ་	NO_POS
ཆེན་	ཆེན་	NO_POS
སྙིང་པོ་	སྙིང་པོ་	NOUN
འི་	གི་	PART
ཞབས་	ཞབས་	NOUN
། །		PUNCT
དགྱེས་	དགྱེས་	NO_POS
མཛད་	མཛད་	VERB
སྒྲ་	སྒྲ་	NOUN
བསྒྱུར་	བསྒྱུར་	VERB
རྒྱལ་པོ་	རྒྱལ་པོ་	NOUN
མར་པ་	མར་པ་	PROPN
རྗེ་	རྗེ་	NO_POS
། །		PUNCT
ཁམས་	ཁམས་	NOUN
གསུམ་	གསུམ་	NUM
ཆོ་	ཆོ་	NOUN
ཀྱི་	གི་	PART
རྒྱལ་པོ་	རྒྱལ་པོ་	NOUN
ཙོང་	ཙོང་	OTHER
ཁ་པ་	ཁ་པ་	OTHER
། །		PUNCT
ཕན་བདེ་	ཕན་བདེ་	OTHER
འི་	གི་	PART
རྣམ་འདྲེན་	རྣམ་འདྲེན་	OTHER
ཆེན་པོ་	ཆེན་པོ་	ADJ
ཐམས་ཅད་	ཐམས་ཅད་	DET
བསངས་	བསངས་	NO_POS
། །		PUNCT
ཀྱཻ་		NON_WORD
།		PUNCT
ལྷུན་གྲུབ་	ལྷུན་གྲུབ་	OTHER
དབང་	དབང་	NOUN
གཞུ་	གཞུ་	NOUN
ལྟ་	ལྟ་	OTHER
བཀྲ་	བཀྲ་	NO_POS
མཚན་དཔེ་	མཚན་དཔེ་	NOUN
འི་	གི་	PART
ག་	ག་	NOUN
། །		PUNCT
བདེ་བ་	བདེ་བ་	VERB
ར་	ལ་	PART
གཤེགས་པ་	གཤེགས་པ་	VERB
རིགས་	རིགས་	NOUN
ལྔ་	ལྔ་	NUM
ལ་སོགས་པ་	ལ་སོགས་པ་	NO_POS
འི་	གི་	PART
། །		PUNCT
བཞི་	བཞི་	NUM
བཅུ་	བཅུ་	NUM
རྩ་	རྩ་	NUM
གཉིས་	གཉིས་	NUM
ལྷ་	ལྷ་	NOUN
ཡི་	གི་	PART
འཁོར་ལོ་	འཁོར་ལོ་	NOUN
མཆོག་	མཆོག་	ADJ
།		PUNCT
བཅོམ་ལྡན་	བཅོམ་ལྡན་	NOUN
ཞི་བ་	ཞི་བ་	VERB
འི་	གི་	PART
ལྷ་ཚོགས་	ལྷ་ཚོགས་	NOUN
ཐམས་ཅད་	ཐམས་ཅད་	DET
བསངས་	བསངས་	NO_POS
། །		PUNCT
ཨིནྡྲ་		NON_WORD
ནཱི་		NON_WORD
ལ་	ལ་	ADP
འི་	གི་	PART
ལྷུན་པོ་	ལྷུན་པོ་	OTHER
དུས་མཐ་	དུས་མཐའ་	NOUN
འི་	གི་	PART
མེ་	མེ་	NOUN
ས་	གིས་	PART
། །		PUNCT
མངོན་པ་	མངོན་པ་	OTHER
རབ་	རབ་	ADV
ཀླུབས་	ཀླུབས་	NO_POS
བདུད་	བདུད་	NOUN
བཞི་	བཞི་	NUM
ལ་	ལ་	ADP
ས་	གིས་	PART
རྒྱལ་བ་	རྒྱལ་བ་	NOUN
། །		PUNCT
ལྔ་	ལྔ་	NUM
བཅུ་	བཅུ་	NUM
རྩ་	རྩ་	NUM
བརྒྱད་	བརྒྱད་	NUM
འཇིགས་རུང་	འཇིགས་རུང་	NO_POS
ཧེ་རུ་ཀ་	ཧེ་རུ་ཀ་	NOUN
།		PUNCT
ཁྲག་འཐུང་	ཁྲག་འཐུང་	PROPN
ཁྲོ་བོ་	ཁྲོ་བོ་	NOUN
འི་	གི་	PART
ལྷ་	ལྷ་	NOUN
ཡི་	གི་	PART
ཚོགས་	ཚོགས་	NOUN
ཀུན་	ཀུན་	DET
བསངས་	བསངས་	NO_POS
། །		PUNCT
སྐུ་གསུང་ཐུགས་	སྐུ་གསུང་ཐུགས་	NOUN
དང་	དང་	NO_POS
ཡོན་ཏན་	ཡོན་ཏན་	NOUN
འཕྲིན་ལས་	འཕྲིན་ལས་	NOUN
ཅན་	ཅན་	PART
། །		PUNCT
རྦོད་གཏོང་	རྦོད་གཏོང་	NO_POS
རིག་འཛིན་	རིག་འཛིན་	OTHER
མཆོད་བསྟོད་	མཆོད་བསྟོད་	NOUN
དྲག་སྔགས་	དྲག་སྔགས་	NOUN
ལྷ་	ལྷ་	NOUN
། །		PUNCT
བདེ་གཤེགས་	བདེ་གཤེགས་	NOUN
རྒྱལ་བ་	རྒྱལ་བ་	NOUN
མ་	མ་	PART
ལུས་	ལུས་	NOUN
རབ་	རབ་	ADV
འདུས་པ་	འདུས་པ་	VERB
འི་	གི་	PART
། །		PUNCT
གྲངས་མེད་	གྲངས་མེད་	NOUN
དཀྱིལ་འཁོར་	དཀྱིལ་འཁོར་	NOUN
རྒྱ་མཚོ་	རྒྱ་མཚོ་	NOUN
འི་	གི་	PART
ལྷ་ཚོགས་	ལྷ་ཚོགས་	NOUN
བསངས་	བསངས་	NO_POS
། །		PUNCT
བདེ་	བདེ་	VERB
ཕག་	ཕག་	NOUN
རྒྱལ་	རྒྱལ་	VERB
རྒྱམ་	རྒྱམ་	NO_POS
ཀྱེ་རྡོར་	ཀྱེ་རྡོར་	OTHER
གསང་བ་	གསང་བ་	VERB
འདུ་	འདུ་	VERB
། །		PUNCT
གདན་	གདན་	NOUN
གཞི་མ་	གཞི་མ་	OTHER
ཡ་ལ་	ཡ་ལ་	NO_POS
སོགས་	སོགས་	DET
རྒྱུད་སྡེ་	རྒྱུད་སྡེ་	NOUN
བཞི་	བཞི་	NUM
འི་	གི་	PART
། །		PUNCT
མཐའ་	མཐའ་	NOUN
ཡ་		
བརྗོད་པ་	བརྗོད་པ་	VERB
ར་	ལ་	PART
དཀའ་བ་	དཀའ་བ་	VERB
འི་	གི་	PART
དཀྱིལ་འཁོར་	དཀྱིལ་འཁོར་	NOUN
གྱི་	གི་	PART
། །		PUNCT
འཁོར་ལོ་	འཁོར་ལོ་	NOUN
འི་	གི་	PART
བདག་ཉིད་	བདག་ཉིད་	NOUN
ལྷ་	ལྷ་	NOUN
ཡི་	གི་	PART
ཚོགས་	ཚོགས་	NOUN
ཀུན་	ཀུན་	DET
བསངས་	བསངས་	NO_POS
། །		PUNCT
དུར་ཁྲོད་	དུར་ཁྲོད་	NOUN
བརྒྱད་	བརྒྱད་	NUM
དང་	དང་	NO_POS
ཉི་ཤུ་	ཉི་ཤུ་	NUM
རྩ་	རྩ་	NUM
བཞི་	བཞི་	NUM
འི་	གི་	PART
ཡུལ་	ཡུལ་	NOUN
། །		PUNCT
སུམ་ཅུ་རྩ་བདུན་	སུམ་ཅུ་རྩ་བདུན་	NO_POS
གནས་	གནས་	NOUN
དང་	དང་	NO_POS
མཁའ་སྤྱོད་	མཁའ་སྤྱོད་	NOUN
སོགས་	སོགས་	DET
། །		PUNCT
བགྲང་	བགྲང་	VERB
ཡ་		
ངོ་མཚར་	ངོ་མཚར་	ADJ
ཞིང་	ཅིང་	PART
ན་	ལ་	PART
ལེགས་	ལེགས་	VERB
བཞུགས་པ་	བཞུགས་པ་	VERB
འི་	གི་	PART
། །		PUNCT
དཔའ་བོ་	དཔའ་བོ་	NOUN
མཁའ་འགྲོ་	མཁའ་འགྲོ་	NOUN
འི་	གི་	PART
ལྷ་ཚོགས་	ལྷ་ཚོགས་	NOUN
ཐམས་ཅད་	ཐམས་ཅད་	DET
བསངས་	བསངས་	NO_POS
། །		PUNCT
ཀྱཻ་		NON_WORD
།		PUNCT
ཆོས་དབྱིངས་	ཆོས་དབྱིངས་	NOUN
ཀློང་	ཀློང་	NOUN
ལས་མ་	ལས་མ་	NO_POS
གཡོ་	གཡོ་	VERB
སྲིན་པོ་	སྲིན་པོ་	NOUN
འི་	གི་	PART
གཟུགས་	གཟུགས་	NOUN
། །		PUNCT
གདུག་པ་	གདུག་པ་	ADJ
འདུལ་	འདུལ་	NO_POS
ཕྱི་	ཕྱི་	OTHER
མ་	མ་	PART
ཧཱ་		NON_WORD
ཀཱ་	ཀཱ་	NO_POS
ལ་	ལ་	ADP
འི་	གི་	PART
གཙོ་	གཙོ་	NOUN
། །		PUNCT
ཁྲག་འཐུང་	ཁྲག་འཐུང་	PROPN
རྡོ་རྗེ་	རྡོ་རྗེ་	NOUN
འི་	གི་	PART
གཙོ་	གཙོ་	NOUN
མོ་	གོ་	PART
འདོད་ཁམས་	འདོད་ཁམས་	NOUN
དབང་	དབང་	NOUN
། །		PUNCT
བཀའ་	བཀའ་	NOUN
སྡོད་	སྡོད་	VERB
དམ་ཅན་	དམ་ཅན་	NOUN
རྒྱ་མཚོ་	རྒྱ་མཚོ་	NOUN
འི་	གི་	PART
ཚོགས་	ཚོགས་	NOUN
རྣམས་	རྣམས་	DET
བསངས་	བསངས་	NO_POS
། །		PUNCT
འཇིགས་བྱེད་	འཇིགས་བྱེད་	OTHER
མ་	མ་	PART
ཧཱ་		NON_WORD
ཀཱ་	ཀཱ་	NO_POS
ལ་	ལ་	PART
ཕྱག་	ཕྱག་	NOUN
བཞི་	བཞི་	NUM
དྲུག་	དྲུག་	NUM
།		PUNCT
གུ་	གུ་	NOUN
ཞལ་	ཞལ་	NOUN
བེང་	བེང་	NO_POS
དང་	དང་	NO_POS
རྒྱལ་ཆེན་	རྒྱལ་ཆེན་	NOUN
རྣམ་	རྣམ་	NOUN
མང་	མང་	VERB
སྲ་	སྲ་	NOUN
། །		PUNCT
ལེགས་ལྡན་	ལེགས་ལྡན་	NO_POS
དུར་	དུར་	NOUN
བདག་	བདག་	PRON
ཏྲཀྴད་		NON_WORD
བདུད་	བདུད་	NOUN
མགོན་	མགོན་	NOUN
ནག་	ནག་	VERB
།		PUNCT
པུ་	པུ་	NO_POS
ཏྲ་		NON_WORD
མིང་སྲིང་	མིང་སྲིང་	NOUN
བེག་		NON_WORD
གདོང་	གདོང་	NOUN
ལྕམ་དྲལ་	ལྕམ་དྲལ་	NOUN
བསངས་	བསངས་	NO_POS
། །		PUNCT
མ་ནིང་	མ་ནིང་	OTHER
ཨེ་	ཨེ་	PART
ཀ་	ཀ་	DET
ཛ་	ཛ་	OTHER
ཏི་	ཏི་	NO_POS
དཔ་		NON_WORD
		
ལ་	ལ་	PART
ལྷ་མོ་	ལྷ་མོ་	NOUN
། །		PUNCT
ཐང་ལྷ་	ཐང་ལྷ་	PROPN
སྟག་	སྟག་	NOUN
བཞོན་	བཞོན་	NO_POS
གཟའ་	གཟའ་	NOUN
བདུད་	བདུད་	NOUN
བདུད་	བདུད་	NOUN
མགོན་	མགོན་	NOUN
དང་	དང་	NO_POS
། །		PUNCT
		
སྤྲུལ་པ་	སྤྲུལ་པ་	VERB
འི་	གི་	PART
ཆོས་རྒྱལ་	ཆོས་རྒྱལ་	NOUN
བཙན་རྒོད་	བཙན་རྒོད་	NO_POS
རྡོ་རྗེ་	རྡོ་རྗེ་	NOUN
ལེགས་	ལེགས་	VERB
། །		PUNCT
བསྟན་པ་	བསྟན་པ་	VERB
བཅུ་གཉིས་	བཅུ་གཉིས་	NO_POS
ཚེ་རིང་	ཚེ་རིང་	NOUN
མཆེད་	མཆེད་	NOUN
ལྔ་	ལྔ་	NUM
བསངས་	བསངས་	NO_POS
། །		PUNCT
ར་ས་	ར་ས་	PROPN
འཕྲུལ་སྣང་	འཕྲུལ་སྣང་	PROPN
དཔལ་	དཔལ་	OTHER
གྱི་	གི་	PART
བསམ་ཡས་	བསམ་ཡས་	PROPN
དང་	དང་	NO_POS
། །		PUNCT
མཐའ་	མཐའ་	NOUN
འདུལ་	འདུལ་	NO_POS
ཡང་	ཀྱང་	PART
འདུལ་	འདུལ་	NO_POS
རུ་	ལ་	PART
གནོན་	གནོན་	VERB
གཙུག་ལག་ཁང་	གཙུག་ལག་ཁང་	NOUN
། །		PUNCT
དབེན་གནས་	དབེན་གནས་	OTHER
ཆོས་འཁོར་	ཆོས་འཁོར་	NOUN
མ་	མ་	PART
ལུས་	ལུས་	NOUN
སྐྱོང་བ་	སྐྱོང་བ་	VERB
དང་	དང་	NO_POS
། །		PUNCT
ཆོ་	ཆོ་	NOUN
དང་	དང་	NO_POS
གཏེར་	གཏེར་	NOUN
གྱི་	གི་	PART
སྲུང་མ་	སྲུང་མ་	NOUN
མ་	མ་	PART
ལུས་	ལུས་	NOUN
བསངས་	བསངས་	NO_POS
། །		PUNCT
རྗེ་	རྗེ་	NO_POS
ཡི་	གི་	PART
མགུ་	མགུ་	NOUN
ལྷ་འབངས་	ལྷ་འབངས་	NO_POS
ཀྱི་	གི་	PART
སྲོག་ལྷ་	སྲོག་ལྷ་	NO_POS
དང་	དང་	NO_POS
། །		PUNCT
སྲིད་པ་	སྲིད་པ་	VERB
ཆགས་པ་	ཆགས་པ་	VERB
འི་	གི་	PART
ལྷ་ཆེན་	ལྷ་ཆེན་	NOUN
དགུ་	དགུ་	NUM
ལ་སོགས་	ལ་སོགས་	NO_POS
། །		PUNCT
པུར་རྒྱལ་	པུར་རྒྱལ་	NO_POS
བོད་	བོད་	PROPN
ཀྱི་	གི་	PART
རྒྱལ་ཁམས་	རྒྱལ་ཁམས་	NOUN
སྐྱོང་བྱེད་པ་	སྐྱོང་བྱེད་པ་	OTHER
འི་	གི་	PART
། །		PUNCT
གཞི་བདག་	གཞི་བདག་	NOUN
སྲུང་མ་	སྲུང་མ་	NOUN
མཐུ་ཆེན་	མཐུ་ཆེན་	PROPN
མ་	མ་	PART
ལུས་	ལུས་	NOUN
བསངས་	བསངས་	NO_POS
། །		PUNCT
རྒྱ་གར་	རྒྱ་གར་	PROPN
ལི་	ལི་	OTHER
བལ་	བལ་	PROPN
རྒྱ་ནག་	རྒྱ་ནག་	PROPN
ཧོར་	ཧོར་	PROPN
གྱི་	གི་	PART
ཡུལ་	ཡུལ་	NOUN
། །		PUNCT
མངའ་རིས་	མངའ་རིས་	PROPN
སྐོར་	སྐོར་	NOUN
གསུམ་	གསུམ་	NUM
དབུ་	དབུ་	NOUN
གཙང་	གཙང་	PROPN
རུ་	ལ་	PART
བཞི་	བཞི་	NUM
དང་	དང་	NO_POS
། །		PUNCT
མདོ་སྟོད་	མདོ་སྟོད་	NO_POS
མདོ་སྨད་	མདོ་སྨད་	OTHER
ལ་སོགས་	ལ་སོགས་	NO_POS
འཛམ་གླིང་	འཛམ་གླིང་	NOUN
གི་	གི་	PART
།		PUNCT
ཡུལ་གྲུ་	ཡུལ་གྲུ་	OTHER
ཀུན་	ཀུན་	DET
གྱི་	གི་	PART
གཞི་བདག་	གཞི་བདག་	NOUN
སྲུང་མ་	སྲུང་མ་	NOUN
བསངས་	བསངས་	NO_POS
། །		PUNCT
ལྷ་	ལྷ་	NOUN
ཀླུ་གནོད་	ཀླུ་གནོད་	NO_POS
སྦྱིན་	སྦྱིན་	VERB
མ་	མ་	PART
བདུད་	བདུད་	NOUN
དམུ་	དམུ་	OTHER
བཙན་	བཙན་	VERB
དང་	དང་	NO_POS
། །		PUNCT
རྒྱལ་པོ་	རྒྱལ་པོ་	NOUN
གཤིན་རྗེ་	གཤིན་རྗེ་	OTHER
གཟའ་	གཟའ་	NOUN
དང་	དང་	NO_POS
རྒྱུ་སྐར་	རྒྱུ་སྐར་	NOUN
སོགས་	སོགས་	DET
། །		PUNCT
མདོར་ན་	མདོར་ན་	NO_POS
སྣང་	སྣང་	VERB
ཞིང་	ཅིང་	PART
སྲིད་པ་	སྲིད་པ་	VERB
འི་	གི་	PART
ལྷ་མ་	ལྷ་མ་	PROPN
ཡིན་	ཡིན་	NO_POS
། །		PUNCT
སྡེ་བརྒྱད་	སྡེ་བརྒྱད་	OTHER
བྲན་གཡོག་	བྲན་གཡོག་	OTHER
འཁོར་	འཁོར་	NOUN
དང་	དང་	NO_POS
བཅས་པ་	བཅས་པ་	VERB
བསངས་	བསངས་	NO_POS
། །		PUNCT
ཀྱཻ་		NON_WORD
།		PUNCT
འཛམ་གླིང་	འཛམ་གླིང་	NOUN
ཤ་	ཤ་	VERB
ལྗོངས་	ལྗོངས་	NOUN
ཀུན་གསལ་	ཀུན་གསལ་	OTHER
འཛིན་མ་	འཛིན་མ་	NOUN
འི་	གི་	PART
ལྟོ་	ལྟོ་	NOUN
ར་	ལ་	PART
། །		PUNCT
སྲིད་ཞི་	སྲིད་ཞི་	NOUN
འི་	གི་	PART
ངོ་མཚར་	ངོ་མཚར་	ADJ
འཆར་བ་	འཆར་བ་	VERB
འི་	གི་	PART
ཐ་	ཐ་	NOUN
འི་	གི་	PART
ཝན་		NON_WORD
ཞེ་	ཅེས་	PART
། །		PUNCT
གྲག་	གྲག་	VERB
དཀ་	དཀའ་	VERB
ར་	ལ་	PART
རྣ་བ་	རྣ་བ་	NOUN
འི་	གི་	PART
བདུད་རྩི་	བདུད་རྩི་	NOUN
ར་	ལ་	PART
སྤུད་པ་	སྤུད་པ་	VERB
ཡི་	གི་	PART
། །		PUNCT
ཡུལ་སྐྱོང་	ཡུལ་སྐྱོང་	NO_POS
རྗེ་བཙན་	རྗེ་བཙན་	NO_POS
ལྷ་	ལྷ་	NOUN
ཀླུ་	ཀླུ་	NOUN
ལྷ་མིན་	ལྷ་མིན་	NOUN
ཚོགས་	ཚོགས་	NOUN
། །		PUNCT
གནོད་སྦྱིན་	གནོད་སྦྱིན་	NOUN
སྡེ་བརྒྱད་	སྡེ་བརྒྱད་	OTHER
འབྱུང་པོ་	འབྱུང་པོ་	NOUN
མ་	མ་	PART
ལུས་	ལུས་	NOUN
དང་	དང་	NO_POS
། །		PUNCT
གཉུག་	གཉུག་	NO_POS
གནས་	གནས་	NOUN
གློ་བུ་	གློ་བུ་	OTHER
ལྷགས་པ་	ལྷགས་པ་	VERB
འི་	གི་	PART
མགྲོན་	མགྲོན་	NOUN
རིགས་	རིགས་	NOUN
རྣམས་	རྣམས་	DET
། །		PUNCT
ཀུན་བཟང་	ཀུན་བཟང་	ADJ
མཆོད་སྤྲིན་	མཆོད་སྤྲིན་	OTHER
རྒྱ་མཚོ་	རྒྱ་མཚོ་	NOUN
ས་	གིས་	PART
མཉེས་	མཉེས་	VERB
གྱུར་ཅིག་	གྱུར་ཅིག་	NO_POS
།		PUNCT
དབུ་	དབུ་	NOUN
ཕྱོགས་	ཕྱོགས་	NOUN
ཐ་	ཐ་	NOUN
འི་	གི་	PART
ཀྲུང་	ཀྲུང་	NO_POS
ཡུན་	ཡུན་	NOUN
ལིང་	ལིང་	ADV
ཞིང་	ཅིང་	PART
གི་	གི་	PART
ཆ་	ཆ་	NOUN
ར་	ལ་	PART
། །		PUNCT
རི་	རི་	NOUN
མཚོ་	མཚོ་	NOUN
བཞི་མདོ་	བཞི་མདོ་	NOUN
ལྗོན་ཤིང་	ལྗོན་ཤིང་	NOUN
མཁའ་	མཁའ་	NOUN
དང་	དང་	NO_POS
བྲག་	བྲག་	NOUN
།		PUNCT
གྲོང་	གྲོང་	NOUN
དང་	དང་	NO_POS
གྲོང་ཁྱེར་	གྲོང་ཁྱེར་	NOUN
འདུ་	འདུ་	VERB
གཞི་	གཞི་	NOUN
ར་	ལ་	PART
གནས་པ་	གནས་པ་	VERB
ཡི་	གི་	PART
། །		PUNCT
ལྷ་	ལྷ་	NOUN
བཙན་	བཙན་	VERB
སྡེ་བརྒྱད་	སྡེ་བརྒྱད་	OTHER
འབྱུང་པོ་	འབྱུང་པོ་	NOUN
མ་	མ་	PART
ལུས་	ལུས་	NOUN
བསངས་	བསངས་	NO_POS
། །		PUNCT
ཀྲང་	ཀྲང་	NO_POS
ཧཱ་		NON_WORD
མེ་	མེ་	NOUN
འོ་	གོ་	PART
རླིད་	རླིད་	NO_POS
ནན་	ནན་	NOUN
དོའོ་		NON_WORD
ཡུལ་	ཡུལ་	NOUN
གྱི་	གི་	PART
ཆ་	ཆ་	NOUN
ར་	ལ་	PART
། །		PUNCT
རི་	རི་	NOUN
མཚོ་	མཚོ་	NOUN
ལྗོན་ཤིང་	ལྗོན་ཤིང་	NOUN
ལྟེང་ཀ་	ལྟེང་ཀ་	NOUN
ནགས་ཚལ་	ནགས་ཚལ་	NOUN
དང་	དང་	NO_POS
། །		PUNCT
ལམ་སྲང་	ལམ་སྲང་	NOUN
བཞི་མདོ་	བཞི་མདོ་	NOUN
གྲོང་	གྲོང་	NOUN
མཁའ་	མཁའ་	NOUN
ལ་	ལ་	PART
གནས་པ་	གནས་པ་	VERB
འི་	གི་	PART
། །		PUNCT
ལྷ་	ལྷ་	NOUN
ཀླུ་	ཀླུ་	NOUN
ལྷ་མིན་	ལྷ་མིན་	NOUN
འབྱུང་པོ་	འབྱུང་པོ་	NOUN
མ་	མ་	PART
ལུས་	ལུས་	NOUN
བསངས་	བསངས་	NO_POS
། །		PUNCT
ཤར་ཕྱོགས་	ཤར་ཕྱོགས་	NOUN
ཐ་	ཐ་	NOUN
འི་	གི་	PART
ཏུང་	ཏུང་	NO_POS
ཧཱ་		NON_WORD
ལན་	ལན་	NOUN
ཞིང་	ཅིང་	PART
གི་	གི་	PART
ཆ་	ཆ་	NOUN
ར་	ལ་	PART
། །		PUNCT
རི་	རི་	NOUN
མཚོ་	མཚོ་	NOUN
ལྗོན་ཤིང་	ལྗོན་ཤིང་	NOUN
ལྟེང་ཀ་	ལྟེང་ཀ་	NOUN
ནགས་ཚལ་	ནགས་ཚལ་	NOUN
དང་	དང་	NO_POS
། །		PUNCT
ལམ་སྲང་	ལམ་སྲང་	NOUN
བཞི་མདོ་	བཞི་མདོ་	NOUN
གྲོ་	གྲོ་	NOUN
མཁའ་	མཁའ་	NOUN
ལ་	ལ་	PART
གནས་པ་	གནས་པ་	VERB
འི་	གི་	PART
། །		PUNCT
ལྷ་	ལྷ་	NOUN
ཀླུ་	ཀླུ་	NOUN
ལྷ་མིན་	ལྷ་མིན་	NOUN
འབྱུང་པོ་	འབྱུང་པོ་	NOUN
མ་	མ་	PART
ལུས་	ལུས་	NOUN
བསངས་	བསངས་	NO_POS
། །		PUNCT
ལྷོ་ཕྱོགས་	ལྷོ་ཕྱོགས་	NOUN
ཐ་	ཐ་	NOUN
འི་	གི་	PART
ནན་	ནན་	NOUN
ཅཱ་		NON_WORD
གཡིད་		NON_WORD
ཞིང་	ཅིང་	PART
གི་	གི་	PART
ཆ་	ཆ་	NOUN
ར་	ལ་	PART
། །		PUNCT
རི་	རི་	NOUN
མཚོ་	མཚོ་	NOUN
བཞི་མདོ་	བཞི་མདོ་	NOUN
ལྗོན་ཤིང་	ལྗོན་ཤིང་	NOUN
མཁའ་	མཁའ་	NOUN
དང་	དང་	NO_POS
བྲག་	བྲག་	NOUN
།		PUNCT
ཁྱད་པར་	ཁྱད་པར་	NOUN
		
ཀ་	ཀ་	DET
འོ་	གོ་	PART
ཞུང་	ཞུང་	NO_POS
བིང་		NON_WORD
ཏུང་	ཏུང་	NO_POS
ལ་	ལ་	PART
གནས་པ་	གནས་པ་	VERB
འི་	གི་	PART
། །		PUNCT
		
ལྷ་	ལྷ་	NOUN
ཀླུ་	ཀླུ་	NOUN
ལྷ་མིན་	ལྷ་མིན་	NOUN
འབྱུང་པོ་	འབྱུང་པོ་	NOUN
མ་	མ་	PART
ལུས་	ལུས་	NOUN
བསངས་	བསངས་	NO_POS
། །		PUNCT
བྱང་ཕྱོགས་	བྱང་ཕྱོགས་	NOUN
ཐ་	ཐ་	NOUN
འི་	གི་	PART
		
སྦ་	སྦ་	PROPN
འི་	གི་	PART
དོའོ་		NON_WORD
ཡོན་	ཡོན་	NOUN
ཞིང་	ཅིང་	PART
གི་	གི་	PART
ཆ་	ཆ་	NOUN
ར་	ལ་	PART
། །		PUNCT
		
རི་	རི་	NOUN
མཚོ་	མཚོ་	NOUN
བཞི་མདོ་	བཞི་མདོ་	NOUN
ལྗོན་ཤིང་	ལྗོན་ཤིང་	NOUN
མཁའ་	མཁའ་	NOUN
དང་	དང་	NO_POS
བྲག་	བྲག་	NOUN
།		PUNCT
ཁྱད་པར་	ཁྱད་པར་	NOUN
ཤིང་	ཅིང་	PART
ཀྲུའུ་		NON_WORD
ཡི་	ཡི་	ADP
འི་	གི་	PART
ལན་	ལན་	NOUN
ལ་	ལ་	PART
གནས་པ་	གནས་པ་	VERB
འི་	གི་	PART
། །		PUNCT
ལྷ་	ལྷ་	NOUN
ཀླུ་	ཀླུ་	NOUN
ལྷ་མིན་	ལྷ་མིན་	NOUN
འབྱུང་པོ་	འབྱུང་པོ་	NOUN
མ་	མ་	PART
ལུས་	ལུས་	NOUN
བསངས་	བསངས་	NO_POS
། །		PUNCT
གཞན་	གཞན་	DET
ཡང་	ཀྱང་	PART
གྲོང་	གྲོང་	NOUN
དང་	དང་	NO_POS
གནས་ཁང་	གནས་ཁང་	NOUN
རི་བྲག་	རི་བྲག་	NOUN
ལམ་	གམ་	PART
། །		PUNCT
མཚོ་	མཚོ་	NOUN
དང་	དང་	NO_POS
རྫིང་བུ་	རྫིང་བུ་	NOUN
ལྟེང་ཀ་	ལྟེང་ཀ་	NOUN
ཆུ་ངོགས་	ཆུ་ངོགས་	PROPN
དང་	དང་	NO_POS
། །		PUNCT
གླིང་	གླིང་	NOUN
དང་	དང་	NO_POS
ཉེ་བ་	ཉེ་བ་	VERB
འི་	གི་	PART
གླིང་	གླིང་	NOUN
དུ་	ལ་	PART
གནས་པ་	གནས་པ་	VERB
ཡི་	གི་	PART
། །		PUNCT
ལྷ་	ལྷ་	NOUN
དང་	དང་	NO_POS
ཀླུ་དབང་	ཀླུ་དབང་	OTHER
འབྱུང་པོ་	འབྱུང་པོ་	NOUN
མ་	མ་	PART
ལུས་	ལུས་	NOUN
བསངས་	བསངས་	NO_POS
། །		PUNCT
མདོར་ན་	མདོར་ན་	NO_POS
བདག་	བདག་	PRON
སོགས་	སོགས་	DET
འཁོར་	འཁོར་	NOUN
དང་	དང་	NO_POS
བཅའ་	བཅའ་	VERB
རྣམས་	རྣམས་	DET
ལ་	ལ་	PART
། །		PUNCT
ལུས་	ལུས་	NOUN
དང་	དང་	NO_POS
གྲིབ་མ་	གྲིབ་མ་	NOUN
བཞིན་	བཞིན་	NOUN
དུ་	ལ་	PART
རབ་	རབ་	ADV
འགྲོགས་	འགྲོགས་	NO_POS
ན་	ནས་	PART
། །		PUNCT
སྟོང་	སྟོང་	NUM
གྲོག་	གྲོག་	NOUN
དཔུང་གཉེན་	དཔུང་གཉེན་	NOUN
བྱེད་པ་	བྱེད་པ་	VERB
འི་	གི་	PART
ལྷ་ཚོགས་	ལྷ་ཚོགས་	NOUN
རྣམས་	རྣམས་	DET
། །		PUNCT
བསང་	བསང་	OTHER
གི་	གི་	PART
མཆོད་པ་	མཆོད་པ་	VERB
ས་	གིས་	PART
མཉེས་	མཉེས་	VERB
ཤིང་	ཅིང་	PART
ཚིམ་	ཚིམ་	VERB
གྱུར་ཅིག་	གྱུར་ཅིག་	NO_POS
།		PUNCT
ཀྱཻ་		NON_WORD
།		PUNCT
ཁྱད་པར་	ཁྱད་པར་	NOUN
བདག་ཅག་	བདག་ཅག་	PRON
འཁོར་	འཁོར་	NOUN
དང་	དང་	NO_POS
བཅས་པ་	བཅས་པ་	VERB
ཡི་	གི་	PART
། །		PUNCT
བསམ་པ་	བསམ་པ་	VERB
འི་	གི་	PART
དོན་	དོན་	NOUN
སྒྲུབ་	སྒྲུབ་	VERB
རིགས་	རིགས་	NOUN
དང་	དང་	NO_POS
བརྒྱུད་	བརྒྱུད་	NO_POS
རྣམས་	རྣམས་	DET
སྤེལ་	སྤེལ་	VERB
། །		PUNCT
མི་	མི་	PART
འཛད་	འཛད་	NO_POS
ནོར་	ནོར་	NOUN
སྟེར་	སྟེར་	VERB
རྒྱབ་རྟེན་	རྒྱབ་རྟེན་	NOUN
མགོན་སྐྱབས་	མགོན་སྐྱབས་	NOUN
མཛད་	མཛད་	VERB
། །		PUNCT
དཔའ་རྩལ་	དཔའ་རྩལ་	OTHER
མཐུ་སྟོབས་	མཐུ་སྟོབས་	NOUN
སྐྱེད་པ་	སྐྱེད་པ་	VERB
འི་	གི་	PART
ལྷ་	ལྷ་	NOUN
རྣམས་	རྣམས་	DET
བསངས་	བསངས་	NO_POS
། །		PUNCT
དབང་པོ་	དབང་པོ་	NOUN
ལྔ་	ལྔ་	NUM
ཡི་	གི་	PART
སོ་སོ་	སོ་སོ་	PRON
འི་	གི་	PART
བྱེད་ལས་	བྱེད་ལས་	NOUN
ཀྱིས་	གིས་	PART
། །		PUNCT
ལ་	ལ་	ADP
ས་	གིས་	PART
རྣམས་	རྣམས་	DET
ཐོགས་མེད་	ཐོགས་མེད་	PROPN
སྒྲུབ་	སྒྲུབ་	VERB
ལ་	ལ་	PART
དབང་བ་	དབང་བ་	VERB
འི་	གི་	PART
ལྷ་	ལྷ་	NOUN
། །		PUNCT
མགྱོགས་པ་	མགྱོགས་པ་	VERB
འི་	གི་	PART
རྟ་	རྟ་	NOUN
དང་	དང་	NO_POS
སྲ་བ་	སྲ་བ་	VERB
འི་	གི་	PART
གོ་ཆ་	གོ་ཆ་	NOUN
འི་	གི་	PART
ཚོགས་	ཚོགས་	NOUN
། །		PUNCT
རྣོན་པོ་	རྣོན་པོ་	ADJ
འི་	གི་	PART
མཚོན་ཆ་	མཚོན་ཆ་	NOUN
ར་	ལ་	PART
གནས་པ་	གནས་པ་	VERB
འི་	གི་	PART
དགྲ་ལྷ་	དགྲ་ལྷ་	NOUN
བསངས་	བསངས་	NO_POS
། །		PUNCT
མཐོ་	མཐོ་	VERB
ལ་	ལ་	PART
ཞུ་འབུལ་	ཞུ་འབུལ་	NOUN
དམའ་	དམའ་	NO_POS
ལ་	ལ་	PART
བཀའ་	བཀའ་	NOUN
བསྒོ་	བསྒོ་	NO_POS
ཞིང་	ཅིང་	PART
། །		PUNCT
མཉམ་པ་	མཉམ་པ་	VERB
ར་	ལ་	PART
གཤགས་འགྱེད་	གཤགས་འགྱེད་	NO_POS
ཕྱོགས་	ཕྱོགས་	NOUN
སུ་	ལ་	PART
དོན་གཉེར་བ་	དོན་གཉེར་བ་	NOUN
། །		PUNCT
ཚོང་	ཚོང་	NOUN
དང་	དང་	NO_POS
ཁེ་སྤོགས་	ཁེ་སྤོགས་	NO_POS
དམག་	དམག་	NOUN
ཇག་	ཇག་	NO_POS
འགྲུལ་བཞུད་	འགྲུལ་བཞུད་	OTHER
སོགས་	སོགས་	DET
། །		PUNCT
བྱ་བ་	བྱ་བ་	VERB
ཀུན་	ཀུན་	DET
ལ་	ལ་	PART
དབང་བ་	དབང་བ་	VERB
འི་	གི་	PART
ལྷ་	ལྷ་	NOUN
རྣམས་	རྣམས་	DET
བསངས་	བསངས་	NO_POS
། །		PUNCT
འགོ་བ་	འགོ་བ་	NO_POS
འི་	གི་	PART
ལྷ་	ལྷ་	NOUN
ལྔ་	ལྔ་	NUM
མི་	མི་	PART
ཐུབ་	ཐུབ་	VERB
དགྲ་ལྷ་	དགྲ་ལྷ་	NOUN
གསུམ་	གསུམ་	NUM
། །		PUNCT
ཁང་ཁྱིམ་	ཁང་ཁྱིམ་	NOUN
ཐབ་ཁ་	ཐབ་ཁ་	NOUN
མཁའ་	མཁའ་	NOUN
གྱི་	གི་	PART
རྩ་	རྩ་	NUM
ལྷ་	ལྷ་	NOUN
དང་	དང་	NO_POS
། །		PUNCT
ཞིང་	ཅིང་	PART
དང་	དང་	NO_POS
ཕྱུགས་ལྷ་	ཕྱུགས་ལྷ་	PROPN
སྒོ་	སྒོ་	NOUN
དང་	དང་	NO_POS
ལམ་	གམ་	PART
གྱི་	གི་	PART
ལྷ་	ལྷ་	NOUN
། །		PUNCT
ཕ་མེས་	ཕ་མེས་	NOUN
མི་	མི་	PART
རབས་	རབས་	NOUN
བརྒྱུད་	བརྒྱུད་	NO_POS
ཀྱི་	གི་	PART
དགྲ་ལྷ་	དགྲ་ལྷ་	NOUN
བསངས་	བསངས་	NO_POS
། །		PUNCT
རྨུགས་	རྨུགས་	NO_POS
རབས་	རབས་	NOUN
བརྒྱུད་	བརྒྱུད་	NO_POS
དང་	དང་	NO_POS
རྩུགས་		NON_WORD
རབས་	རབས་	NOUN
བརྒྱུད་	བརྒྱུད་	NO_POS
ཀྱི་	གི་	PART
ལྷ་	ལྷ་	NOUN
། །		PUNCT
སློབ་དཔོན་	སློབ་དཔོན་	NOUN
བརྒྱུད་	བརྒྱུད་	NO_POS
ལ་	ལ་	PART
འགོ་བ་	འགོ་བ་	NO_POS
འི་	གི་	PART
ལྷ་	ལྷ་	NOUN
རྣམས་	རྣམས་	DET
དང་	དང་	NO_POS
། །		PUNCT
འགྲོ་བ་	འགྲོ་བ་	VERB
འི་	གི་	PART
ལམ་	གམ་	PART
དང་	དང་	NO_POS
གཞི་	གཞི་	NOUN
ས་	གིས་	PART
ཀྱི་	གི་	PART
སྲུང་མ་	སྲུང་མ་	NOUN
འི་	གི་	PART
ཚོགས་	ཚོགས་	NOUN
། །		PUNCT
རྒྱན་གོས་	རྒྱན་གོས་	OTHER
ལོངས་སྤྱོད་	ལོངས་སྤྱོད་	NOUN
གྲོག་	གྲོག་	NOUN
ལ་	ལ་	PART
གནས་པ་	གནས་པ་	VERB
བསངས་	བསངས་	NO_POS
། །		PUNCT
ཡ་	ཡ་	OTHER
ལྷ་	ལྷ་	NOUN
ཤམ་པོ་	ཤམ་པོ་	NO_POS
གུང་	གུང་	ADV
རྒྱལ་	རྒྱལ་	VERB
སྤོམ་	སྤོམ་	NO_POS
ར་	ར་	ADP
དང་	དང་	NO_POS
། །		PUNCT
བརྒྱ་བྱིན་	བརྒྱ་བྱིན་	PROPN
དཀར་ནག་	དཀར་ནག་	ADJ
ཁྲ་	ཁྲ་	NOUN
གསུམ་	གསུམ་	NUM
ཝེར་མ་	ཝེར་མ་	NOUN
འི་	གི་	PART
ཚོགས་	ཚོགས་	NOUN
། །		PUNCT
སྲིད་པ་	སྲིད་པ་	VERB
འི་	གི་	PART
ལྷ་ལུང་	ལྷ་ལུང་	PROPN
རྣོ་	རྣོ་	VERB
མཐོང་	མཐོང་	VERB
སྟོན་པ་	སྟོན་པ་	NOUN
འི་	གི་	PART
ལྷ་	ལྷ་	NOUN
། །		PUNCT
མདུང་	མདུང་	NOUN
ལྷ་	ལྷ་	NOUN
སུམ་བརྒྱ་	སུམ་བརྒྱ་	OTHER
དྲུག་ཅུ་	དྲུག་ཅུ་	NUM
ལ་སོགས་	ལ་སོགས་	NO_POS
བསངས་	བསངས་	NO_POS
། །		PUNCT
ཡབ་	ཡབ་	NOUN
ལྷ་	ལྷ་	NOUN
རྡལ་	རྡལ་	NO_POS
དྲུག་	དྲུག་	NUM
མ་	མ་	PART
བཙུན་	བཙུན་	VERB
རྒྱལ་མ་	རྒྱལ་མ་	OTHER
མཐང་	མཐང་	NO_POS
། །		PUNCT
འདོ་	འདོ་	VERB
ས་	གིས་	PART
རིགས་	རིགས་	NOUN
སྨན་པ་	སྨན་པ་	NOUN
བཅོ་བརྒྱད་	བཅོ་བརྒྱད་	NO_POS
མ་	མ་	PART
ཆགས་	ཆགས་	VERB
སྟོང་	སྟོང་	NUM
། །		PUNCT
སྟོངས་	སྟོངས་	VERB
དང་	དང་	NO_POS
འབྱུང་བ་	འབྱུང་བ་	VERB
ཆགས་པ་	ཆགས་པ་	VERB
འི་	གི་	PART
དགྲ་ལྷ་	དགྲ་ལྷ་	NOUN
དང་	དང་	NO_POS
། །		PUNCT
ཨ་	ཨ་	X
ཀ་		
དཀ་	དཀའ་	VERB
ར་	ལ་	PART
གྱི་	གི་	PART
སྲུང་མ་	སྲུང་མ་	NOUN
མ་	མ་	PART
ལུས་	ལུས་	NOUN
བསངས་	བསངས་	NO_POS
། །		PUNCT
སྐུ་	སྐུ་	NOUN
ལྷ་	ལྷ་	NOUN
གྱེར་	གྱེར་	NO_POS
འཛོམ་	འཛོམ་	NO_POS
ལྷ་	ལྷ་	NOUN
འུ་	འུ་	NO_POS
གཡང་དཀར་	གཡང་དཀར་	OTHER
དང་	དང་	NO_POS
། །		PUNCT
བོད་	བོད་	PROPN
ཀྱི་	གི་	PART
མི་	མི་	PART
འུ་	འུ་	NO_POS
གདུང་	གདུང་	NOUN
དྲུག་	དྲུག་	NUM
ཟོ་དོར་	ཟོ་དོར་	NO_POS
ལྷ་	ལྷ་	NOUN
། །		PUNCT
ཐུགས་	ཐུགས་	NOUN
དཀ་	དཀའ་	VERB
ར་	ལ་	PART
སུམ་བརྒྱ་	སུམ་བརྒྱ་	OTHER
དྲུག་ཅུ་	དྲུག་ཅུ་	NUM
ལ་སོགས་པ་	ལ་སོགས་པ་	NO_POS
འི་	གི་	PART
། །		PUNCT
མདོར་ན་	མདོར་ན་	NO_POS
གཡུང་དྲུང་	གཡུང་དྲུང་	OTHER
བོན་	བོན་	NO_POS
གྱི་	གི་	PART
ལྷ་	ལྷ་	NOUN
རྣམས་	རྣམས་	DET
བསངས་	བསངས་	NO_POS
། །		PUNCT
ལོ་སྐོར་	ལོ་སྐོར་	NO_POS
བཅུ་གཉིས་	བཅུ་གཉིས་	NO_POS
སྤར་ཁ་	སྤར་ཁ་	NO_POS
རྣམ་པ་	རྣམ་པ་	NOUN
བརྒྱད་	བརྒྱད་	NUM
། །		PUNCT
སྨེ་བ་དགུ་	སྨེ་བ་དགུ་	NO_POS
དང་	དང་	NO_POS
ས་བདག་	ས་བདག་	NOUN
རྒྱལ་བློན་	རྒྱལ་བློན་	NOUN
འབངས་	འབངས་	NOUN
། །		PUNCT
སྤོར་ཐང་	སྤོར་ཐང་	NO_POS
བརྒྱད་ཅུ་	བརྒྱད་ཅུ་	NO_POS
སྐོར་	སྐོར་	NOUN
གྱི་	གི་	PART
གཙུག་ལག་	གཙུག་ལག་	NOUN
ལྷ་	ལྷ་	NOUN
། །		PUNCT
གབ་རྩེ་	གབ་རྩེ་	NO_POS
དགུ་	དགུ་	NUM
ལ་	ལ་	PART
གནས་པ་	གནས་པ་	VERB
འི་	གི་	PART
ལྷ་	ལྷ་	NOUN
རྣམས་	རྣམས་	DET
བསངས་	བསངས་	NO_POS
། །		PUNCT
ཉིན་སྲིབ་	ཉིན་སྲིབ་	NO_POS
རི་	རི་	NOUN
དང་	དང་	NO_POS
ནགས་ཚལ་	ནགས་ཚལ་	NOUN
ལྟེང་ཀ་	ལྟེང་ཀ་	NOUN
དང་	དང་	NO_POS
། །		PUNCT
ལམ་	གམ་	PART
ཆེན་	ཆེན་	NO_POS
བཞི་མདོ་	བཞི་མདོ་	NOUN
ཆུ་	ཆུ་	NOUN
ཀླུང་	ཀླུང་	NOUN
ལྗོན་པ་	ལྗོན་པ་	OTHER
འི་	གི་	PART
ཤིང་	ཅིང་	PART
། །		PUNCT
རང་བྱུང་	རང་བྱུང་	NOUN
བཅོས་མ་	བཅོས་མ་	NOUN
འི་	གི་	PART
མེ་	མེ་	NOUN
དང་	དང་	NO_POS
རླུང་	རླུང་	NOUN
ས་	ས་	ADP
སོགས་	སོགས་	DET
། །		PUNCT
སོ་སོ་	སོ་སོ་	PRON
ར་	ལ་	PART
དབང་བ་	དབང་བ་	VERB
འི་	གི་	PART
ཕྱོགས་	ཕྱོགས་	NOUN
འདི་	འདི་	DET
འི་	གི་	PART
གཞི་བདག་	གཞི་བདག་	NOUN
བསངས་	བསངས་	NO_POS
། །		PUNCT
ཉམས་	ཉམས་	NOUN
སྒྲིབ་	སྒྲིབ་	NOUN
བཤགས་པ་	བཤགས་པ་	VERB
ནི་	ནི་	NO_POS
།		PUNCT
ཧཱུྃ་		NON_WORD
།		PUNCT
དེ་ལྟ་	དེ་ལྟ་	NO_POS
རྩ་	རྩ་	NUM
གསུམ་	གསུམ་	NUM
ཆོས་སྲུང་	ཆོས་སྲུང་	OTHER
སྡེ་བརྒྱད་	སྡེ་བརྒྱད་	OTHER
དང་	དང་	NO_POS
། །		PUNCT
ཡུལ་ལྷ་	ཡུལ་ལྷ་	NOUN
གཞི་བདག་	གཞི་བདག་	NOUN
དགྲ་ལྷ་	དགྲ་ལྷ་	NOUN
ལ་སོགས་པ་	ལ་སོགས་པ་	NO_POS
། །		PUNCT
གཙང་	གཙང་	PROPN
ཞིང་	ཅིང་	PART
གྱ་ནོམ་	གྱ་ནོམ་	ADJ
མང་པོ་	མང་པོ་	ADJ
ར་	ལ་	PART
སྤེལ་བ་	སྤེལ་བ་	VERB
ཡི་	གི་	PART
། །		PUNCT
དག་བྱེད་	དག་བྱེད་	OTHER
བསང་	བསང་	OTHER
གི་	གི་	PART
མཆོད་པ་	མཆོད་པ་	VERB
འདི་	འདི་	DET
ཕུལ་བ་	ཕུལ་བ་	VERB
ས་	གིས་	PART
། །		PUNCT
གདོད་	གདོད་	NO_POS
ན་	ནས་	PART
རྣམ་དག་	རྣམ་དག་	ADJ
གསལ་སྟོང་	གསལ་སྟོང་	NO_POS
རིག་པ་	རིག་པ་	VERB
འི་	གི་	PART
གཤིས་	གཤིས་	OTHER
། །		PUNCT
མ་རིག་	མ་རིག་	NOUN
འཁྲུལ་པ་	འཁྲུལ་པ་	NO_POS
ས་	གིས་	PART
བསླད་པ་	བསླད་པ་	VERB
འི་	གི་	PART
ནད་	ནད་	NOUN
གནོད་	གནོད་	VERB
བགེགས་	བགེགས་	NOUN
། །		PUNCT
ཐག་	ཐག་	VERB
ཁྲ་	ཁྲ་	NOUN
སྦྲུལ་	སྦྲུལ་	NOUN
དུ་	ལ་	PART
མཐོང་བ་	མཐོང་བ་	VERB
འི་	གི་	PART
དངངས་སྐྲག་	དངངས་སྐྲག་	NOUN
བཞིན་	བཞིན་	NOUN
། །		PUNCT
མེད་	མེད་	VERB
ཀྱང་	ཀྱང་	PART
མངོན་སུམ་	མངོན་སུམ་	NOUN
སྣང་བ་	སྣང་བ་	VERB
འི་	གི་	PART
སྐྱོན་	སྐྱོན་	NOUN
ཚོགས་	ཚོགས་	NOUN
རྣམས་	རྣམས་	DET
། །		PUNCT
མཁའ་ཁྱབ་	མཁའ་ཁྱབ་	NOUN
དོན་དམ་	དོན་དམ་	NOUN
ཆོས་སྐུ་	ཆོས་སྐུ་	NOUN
བདེ་བ་	བདེ་བ་	VERB
ཆེ་	ཆེ་	VERB
ར་	ལ་	PART
། །		PUNCT
ཆུ་	ཆུ་	NOUN
ལ་	ལ་	PART
ཆུ་	ཆུ་	NOUN
བཞག་	བཞག་	VERB
ལྟ་བུ་	ལྟ་བུ་	NOUN
ར་	ལ་	PART
རོ་	རོ་	NOUN
གཅིག་	གཅིག་	NUM
ཀྱང་	ཀྱང་	PART
། །		PUNCT
ཀུན་རྫོབ་	ཀུན་རྫོབ་	NOUN
རྫུན་	རྫུན་	NOUN
ངོ་	ངོ་	PART
ར་	ལ་	PART
གྲུབ་པ་	གྲུབ་པ་	VERB
འི་	གི་	PART
ཉེས་པ་	ཉེས་པ་	VERB
ཀུན་	ཀུན་	DET
། །		PUNCT
དག་བྱེད་	དག་བྱེད་	OTHER
ཆུ་	ཆུ་	NOUN
ཡི་	གིས་	PART
དྲི་མ་	དྲི་མ་	NOUN
འཁྲུད་	འཁྲུད་	NO_POS
ལྟ་	ལྟ་	OTHER
བཤགས་	བཤགས་	NO_POS
། །		PUNCT
ཁྱད་པར་	ཁྱད་པར་	NOUN
བདག་ཅག་	བདག་ཅག་	PRON
རྒྱུ་	རྒྱུ་	NOUN
སྦྱོར་	སྦྱོར་	VERB
སྦྱིན་བདག་	སྦྱིན་བདག་	NOUN
རྣམས་	རྣམས་	DET
། །		PUNCT
སོ་ཐར་	སོ་ཐར་	OTHER
བྱང་ཆུབ་	བྱང་ཆུབ་	NOUN
སེམས་དཔ་	སེམས་དཔའ་	NOUN
འི་	གི་	PART
སྡོམ་པ་	སྡོམ་པ་	NOUN
དང་	དང་	NO_POS
། །		PUNCT
རིག་འཛིན་	རིག་འཛིན་	OTHER
སྔགས་	སྔགས་	NOUN
ཀྱི་	གི་	PART
དམ་ཚིག་	དམ་ཚིག་	NOUN
ཉམས་པ་	ཉམས་པ་	VERB
འི་	གི་	PART
གྲིབ་	གྲིབ་	NOUN
། །		PUNCT
གདོལ་	གདོལ་	NO_POS
དང་	དང་	NO_POS
དམེ་	དམེ་	NO_POS
ཡུགས་	ཡུགས་	NO_POS
ཡ་	ཡ་	NOUN
བཤན་	བཤན་	NO_POS
མཛེ་	མཛེ་	NO_POS
གྲིབ་	གྲིབ་	NOUN
དང་	དང་	NO_POS
། །		PUNCT
ལྷ་	ལྷ་	NOUN
དང་	དང་	NO_POS
མི་ལ་	མི་ལ་	PROPN
འཁོན་	འཁོན་	VERB
དང་	དང་	NO_POS
རྩོད་པ་	རྩོད་པ་	VERB
འི་	གི་	PART
གྲིབ་	གྲིབ་	NOUN
། །		PUNCT
དཀར་དམར་	དཀར་དམར་	OTHER
ཐབ་གཞོབ་	ཐབ་གཞོབ་	NO_POS
བྱ་སྤྱོད་	བྱ་སྤྱོད་	OTHER
མི་	མི་	PART
མཁས་པ་	མཁས་པ་	VERB
འི་	གི་	PART
། །		PUNCT
མི་གཙང་	མི་གཙང་	NO_POS
རིགས་	རིགས་	NOUN
རྣམས་	རྣམས་	DET
ལག་	ལག་	NOUN
ཏུ་	ལ་	PART
བསྟར་	བསྟར་	NO_POS
ཞིང་	ཅིང་	PART
བཅངས་	བཅངས་	NO_POS
། །		PUNCT
ཟ་	ཟ་	NOUN
སུ་	ལ་	PART
ཟོ་	ཟོ་	VERB
ཤིང་	ཅིང་	PART
གོ་	གོ་	NOUN
སུ་	ལ་	PART
གྱོན་པ་	གྱོན་པ་	VERB
དང་	དང་	NO_POS
། །		PUNCT
གནས་མལ་	གནས་མལ་	NOUN
འཁོར་	འཁོར་	NOUN
ནོར་	ནོར་	NOUN
ལོངས་སྤྱོད་	ལོངས་སྤྱོད་	NOUN
བསྟེན་པ་	བསྟེན་པ་	VERB
སོགས་	སོགས་	DET
། །		PUNCT
ལྗོན་ཤིང་	ལྗོན་ཤིང་	NOUN
མཐུན་	མཐུན་	VERB
རྫ་	རྫ་	NOUN
བསྲེགས་པ་	བསྲེགས་པ་	VERB
འི་	གི་	PART
དུད་	དུད་	NO_POS
སྤྲིན་	སྤྲིན་	NOUN
འདི་	འདི་	DET
ས་	གིས་	PART
། །		PUNCT
མ་	མ་	PART
ལུས་	ལུས་	NOUN
བྱང་	བྱང་	NOUN
ཞིང་	ཅིང་	PART
རྣམ་པ་	རྣམ་པ་	NOUN
ར་	ལ་	PART
དག་	དག་	DET
གྱུར་	གྱུར་	VERB
ན་	ནས་	PART
། །		PUNCT
གངས་	གངས་	NOUN
ཀྱི་	གི་	PART
རི་མོ་	རི་མོ་	NOUN
ལྟ་བུ་	ལྟ་བུ་	NOUN
ར་	ལ་	PART
གསལ་	གསལ་	VERB
གྱུར་ཅིག་	གྱུར་ཅིག་	NO_POS
།		PUNCT
ཕུན་ཚོགས་	ཕུན་ཚོགས་	ADJ
བཀྲ་ཤིས་	བཀྲ་ཤིས་	NOUN
དུས་བཟང་	དུས་བཟང་	NOUN
ཡ་	ཡ་	OTHER
གྱིར་		NON_WORD
ངོ་	ངོ་	PART
ར་	ལ་	PART
། །		PUNCT
གཟའ་སྐར་	གཟའ་སྐར་	OTHER
དུས་སྦྱོར་	དུས་སྦྱོར་	NOUN
ལེགས་པ་	ལེགས་པ་	VERB
འཕྲོད་	འཕྲོད་	NO_POS
ཀྱི་	གི་	PART
དགེ་	དགེ་	NOUN
།		PUNCT
མཐུན་པ་	མཐུན་པ་	VERB
འི་	གི་	PART
རྐྱེན་	རྐྱེན་	NOUN
ཀུན་	ཀུན་	DET
ཚང་བ་	ཚང་བ་	VERB
འི་	གི་	PART
གནས་མཆོག་	གནས་མཆོག་	OTHER
འདི་	འདི་	DET
ར་	ལ་	PART
། །		PUNCT
བསང་	བསང་	OTHER
གིས་	གིས་	PART
མཆོད་པ་	མཆོད་པ་	VERB
འི་	གི་	PART
འབྲས་བུ་	འབྲས་བུ་	NOUN
ལྷུན་གྲུབ་	ལྷུན་གྲུབ་	OTHER
ཤོག་	ཤོག་	VERB
།		PUNCT
ཧཱུྃ་		NON_WORD
།		PUNCT
བསང་མཆོད་	བསང་མཆོད་	OTHER
མཐུན་པ་	མཐུན་པ་	VERB
འི་	གི་	PART
དམ་རྫས་	དམ་རྫས་	NOUN
རྒྱ་ཆེན་པོ་	རྒྱ་ཆེན་པོ་	ADJ
། །		PUNCT
དངོ་	དངོ་	NOUN
བཤམས་	བཤམས་	NO_POS
ཡིད་	ཡིད་	NOUN
ཀྱིས་	གིས་	PART
སྤྲུལ་	སྤྲུལ་	VERB
ཏེ་	སྟེ་	PART
ཕུལ་བ་	ཕུལ་བ་	VERB
འི་	གི་	PART
མཐུ་	མཐུ་	NOUN
ས་	གིས་	PART
། །		PUNCT
སྐྱབས་	སྐྱབས་	NOUN
མཆོག་	མཆོག་	ADJ
ངོ་བོ་	ངོ་བོ་	NOUN
རྩ་	རྩ་	NUM
གསུམ་	གསུམ་	NUM
ལྷ་ཚོགས་	ལྷ་ཚོགས་	NOUN
ཀྱིས་	གིས་	PART
། །		PUNCT
མཆོག་	མཆོག་	ADJ
དང་	དང་	NO_POS
ཐུན་མོང་	ཐུན་མོང་	ADJ
དངོས་གྲུབ་	དངོས་གྲུབ་	NOUN
ཆ་	ཆ་	NOUN
ར་	ལ་	PART
ལྟ་	ལྟ་	OTHER
ཕོབ་	ཕོབ་	VERB
། །		PUNCT
སྲུང་མ་	སྲུང་མ་	NOUN
དམ་ཅན་	དམ་ཅན་	NOUN
སྡེ་བརྒྱད་	སྡེ་བརྒྱད་	OTHER
ཚོགས་	ཚོགས་	NOUN
རྣམས་	རྣམས་	DET
ཀྱིས་	གིས་	PART
། །		PUNCT
བཅོལ་བ་	བཅོལ་བ་	VERB
འི་	གི་	PART
ཕྲིན་ལས་	ཕྲིན་ལས་	NOUN
མ་	མ་	PART
ལུས་	ལུས་	NOUN
ཐོགས་མེད་	ཐོགས་མེད་	PROPN
སྒྲུབས་	སྒྲུབས་	VERB
། །		PUNCT
ཡུལ་ལྷ་	ཡུལ་ལྷ་	NOUN
གཞི་བདག་	གཞི་བདག་	NOUN
འགོ་བ་	འགོ་བ་	NO_POS
འི་	གི་	PART
ལྷ་	ལྷ་	NOUN
རྣམས་	རྣམས་	DET
ཀྱིས་	གིས་	PART
། །		PUNCT
བར་ཆད་	བར་ཆད་	NOUN
སེལ་	སེལ་	VERB
ཞིང་	ཅིང་	PART
བསམ་པ་	བསམ་པ་	VERB
འི་	གི་	PART
རེ་བ་	རེ་བ་	VERB
སྐོངས་	སྐོངས་	VERB
། །		PUNCT
མདོར་ན་	མདོར་ན་	NO_POS
མཆོད་	མཆོད་	VERB
ཡུལ་	ཡུལ་	NOUN
དམ་པ་	དམ་པ་	VERB
ཁྱེད་	ཁྱེད་	PRON
རྣམས་	རྣམས་	DET
ཀྱིས་	གིས་	PART
། །		PUNCT
བདག་ཅག་	བདག་ཅག་	PRON
མི་	མི་	PART
ནོར་	ནོར་	NOUN
འཁོར་	འཁོར་	NOUN
དང་	དང་	NO_POS
བཅས་པ་	བཅས་པ་	VERB
ལ་	ལ་	PART
། །		PUNCT
སེང་གེ་	སེང་གེ་	NOUN
གླང་ཆེན་	གླང་ཆེན་	NOUN
སྨྱོན་པ་	སྨྱོན་པ་	VERB
མེ་	མེ་	NOUN
སྦྲུལ་	སྦྲུལ་	NOUN
དང་	དང་	NO_POS
། །		PUNCT
ལྕགས་སྒྲོག་	ལྕགས་སྒྲོག་	OTHER
ཤ་ཟ་	ཤ་ཟ་	NOUN
རྒྱ་མཚོ་	རྒྱ་མཚོ་	NOUN
ཆེན་པོ་	ཆེན་པོ་	ADJ
སྟེ་	སྟེ་	PART
། །		PUNCT
འཇིགས་	འཇིགས་	VERB
ཆེན་	ཆེན་	NO_POS
བརྒྱད་	བརྒྱད་	NUM
དང་	དང་	NO_POS
གདོན་བགེགས་	གདོན་བགེགས་	NO_POS
ནད་རིམས་	ནད་རིམས་	NO_POS
དགྲ་	དགྲ་	NOUN
། །		PUNCT
དུས་	དུས་	NOUN
མིན་	མིན་	AUX
འཆི་བདག་	འཆི་བདག་	NOUN
གཤིན་རྗེ་	གཤིན་རྗེ་	OTHER
འི་	གི་	PART
ཞགས་པ་	ཞགས་པ་	NOUN
དང་	དང་	NO_POS
། །		PUNCT
ཁ་	ཁ་	PRON
སྨྲ་	སྨྲ་	VERB
མི་ཁ་	མི་ཁ་	NOUN
གླེང་	གླེང་	NO_POS
གཞི་	གཞི་	NOUN
འཐབ་རྩོད་	འཐབ་རྩོད་	NOUN
སོགས་	སོགས་	DET
། །		PUNCT
བར་ཆད་	བར་ཆད་	NOUN
མི་	མི་	PART
མཐུན་	མཐུན་	VERB
གཡུལ་ལས་	གཡུལ་ལས་	OTHER
རྒྱལ་བ་	རྒྱལ་བ་	NOUN
ར་	ལ་	PART
མཛོད་	མཛོད་	NOUN
། །		PUNCT
རྒུད་པ་	རྒུད་པ་	VERB
འི་	གི་	PART
མུན་	མུན་	NOUN
སྟུག་	སྟུག་	NO_POS
རྫོགས་པ་	རྫོགས་པ་	VERB
འི་	གི་	PART
ཐུན་	ཐུན་	NOUN
གསུམ་	གསུམ་	NUM
མཐ་	མཐའ་	NOUN
ར་	ལ་	PART
། །		PUNCT
ཤར་བ་	ཤར་བ་	VERB
འི་	གི་	PART
ལེགས་བྱས་	ལེགས་བྱས་	OTHER
སྐྱ་རེངས་	སྐྱ་རེངས་	ADV
ཀྱིས་	གིས་	PART
དྲངས་པ་	དྲངས་པ་	VERB
འི་	གི་	PART
། །		PUNCT
ཕན་བདེ་	ཕན་བདེ་	OTHER
འི་	གི་	PART
ཉིན་	ཉིན་	NOUN
མོ་	མོ་	PRON
ར་	ལ་	PART
བྱེད་པ་	བྱེད་པ་	VERB
འི་	གི་	PART
འོད་ཟེར་	འོད་ཟེར་	NOUN
གྱིས་	གིས་	PART
། །		PUNCT
ཞི་བ་	ཞི་བ་	VERB
འི་	གི་	PART
འཕྲིན་ལས་	འཕྲིན་ལས་	NOUN
སྣང་བ་	སྣང་བ་	VERB
འབར་བ་	འབར་བ་	VERB
ར་	ལ་	PART
མཛོད་	མཛོད་	NOUN
། །		PUNCT
བསོད་ནམས་	བསོད་ནམས་	NOUN
དུས་	དུས་	NOUN
ལ་	ལ་	ADP
ས་	གིས་	PART
ཡོལ་	ཡོལ་	NO_POS
མེད་	མེད་	VERB
རླབས་ཕྲེང་	རླབས་ཕྲེང་	OTHER
ཅན་	ཅན་	PART
། །		PUNCT
ཚེ་	ཚེ་	NOUN
དཔལ་འབྱོར་པ་	དཔལ་འབྱོར་པ་	OTHER
མི་ཟད་	མི་ཟད་	NO_POS
ཆུ་བོ་	ཆུ་བོ་	NOUN
འི་	གི་	PART
གཏེར་	གཏེར་	NOUN
། །		PUNCT
བསམ་པ་	བསམ་པ་	VERB
འི་	གི་	PART
རེ་བ་	རེ་བ་	VERB
སྐོང་བ་	སྐོང་བ་	VERB
འི་	གི་	PART
ཡིད་བཞིན་	ཡིད་བཞིན་	OTHER
ནོར་	ནོར་	NOUN
། །		PUNCT
རྒྱས་པ་	རྒྱས་པ་	VERB
འི་	གི་	PART
འཕྲིན་ལས་	འཕྲིན་ལས་	NOUN
རྒྱལ་མཚན་	རྒྱལ་མཚན་	NOUN
རྩེ་		
འགོད་	འགོད་	NO_POS
མཛོད་	མཛོད་	NOUN
། །		PUNCT
རེག་པ་	རེག་པ་	VERB
ས་	གིས་	PART
གདུང་	གདུང་	NOUN
སེལ་	སེལ་	VERB
ཡིད་	ཡིད་	NOUN
དག་	དགའ་	VERB
འི་	གི་	PART
མཛའ་ན་མོ་	མཛའ་ན་མོ་	NO_POS
། །		PUNCT
འགུགས་	འགུགས་	NO_POS
བྱེད་	བྱེད་	VERB
ལྷོ་ཕྱོགས་	ལྷོ་ཕྱོགས་	NOUN
རླུང་	རླུང་	NOUN
གི་	གི་	PART
རེག་བྱ་	རེག་བྱ་	NOUN
ཅན་	ཅན་	PART
། །		PUNCT
མཐོང་	མཐོང་	VERB
ན་	ལ་	PART
མི་	མི་	PART
མཐུན་	མཐུན་	VERB
མེད་པ་	མེད་པ་	VERB
འི་	གི་	PART
ཙན་དན་	ཙན་དན་	NOUN
ཤིང་	ཅིང་	PART
། །		PUNCT
དབང་	དབང་	NOUN
གི་	གི་	PART
འཕྲིན་ལས་	འཕྲིན་ལས་	NOUN
དྲི་བསུང་	དྲི་བསུང་	NOUN
འཐུལ་བ་	འཐུལ་བ་	VERB
ར་	ལ་	PART
མཛོད་	མཛོད་	NOUN
། །		PUNCT
འཁུ་བ་	འཁུ་བ་	NO_POS
འི་	གི་	PART
སེམས་	སེམས་	NOUN
ལྡན་	ལྡན་	VERB
ལྷ་མིན་	ལྷ་མིན་	NOUN
དགའ་མ་	དགའ་མ་	NOUN
འི་	གི་	PART
མངལ་	མངལ་	NOUN
། །		PUNCT
དྲག་	དྲག་	VERB
སྦྱོར་	སྦྱོར་	VERB
རྡོ་རྗེ་	རྡོ་རྗེ་	NOUN
རྩེ་	རྩེ་	NOUN
བརྒྱ་	བརྒྱ་	NUM
གདེངས་	གདེངས་	NOUN
ཙམ་	ཙམ་	DET
གྱིས་	གིས་	PART
། །		PUNCT
བསོད་ནམས་	བསོད་ནམས་	NOUN
དཔུང་	དཔུང་	NOUN
དང་	དང་	NO_POS
ལྷན་ཅིག་	ལྷན་ཅིག་	OTHER
ལྟུང་བྱེད་པ་	ལྟུང་བྱེད་པ་	NOUN
འི་	གི་	PART
། །		PUNCT
དྲག་པོ་	དྲག་པོ་	ADJ
འི་	གི་	PART
ཕྲིན་ལས་	ཕྲིན་ལས་	NOUN
ལེགས་བྲིས་	ལེགས་བྲིས་	NO_POS
སྟོབས་ལྡན་	སྟོབས་ལྡན་	ADJ
མཛོད་	མཛོད་	NOUN
། །		PUNCT
སྒྲིབ་གཉིས་	སྒྲིབ་གཉིས་	OTHER
སྒོ་ང་	སྒོ་ང་	NOUN
འི་	གི་	PART
སྦུབས་	སྦུབས་	NOUN
ལ་	ལ་	ADP
ས་	གིས་	PART
རྣམ་གྲོལ་བ་	རྣམ་གྲོལ་བ་	NOUN
འི་	གི་	PART
། །		PUNCT
ཚོགས་	ཚོགས་	NOUN
གཉིས་	གཉིས་	NUM
འདབ་ལྡན་	འདབ་ལྡན་	NO_POS
ཀ་ལ་	ཀ་ལ་	NO_POS
པིངྐའི་		NON_WORD
བྱ་	བྱ་	VERB
། །		PUNCT
རྣམ་པ་	རྣམ་པ་	NOUN
ཐམས་ཅད་	ཐམས་ཅད་	DET
མཁྱེན་པ་	མཁྱེན་པ་	VERB
འི་	གི་	PART
མཁའ་དབྱིངས་	མཁའ་དབྱིངས་	OTHER
སུ་	ལ་	PART
། །		PUNCT
འཕུར་	འཕུར་	NO_POS
ན་	ནས་	PART
ཆོ་	ཆོ་	NOUN
ཀྱི་	གི་	PART
དབྱངས་སྙན་	དབྱངས་སྙན་	OTHER
སྒྲོགས་པ་	སྒྲོགས་པ་	VERB
ར་	ལ་	PART
མཛོད་	མཛོད་	NOUN
། །		PUNCT
ཁྱད་པར་	ཁྱད་པར་	NOUN
ཤ་	ཤ་	VERB
ལྗོངས་	ལྗོངས་	NOUN
ནོར་	ནོར་	NOUN
གླིང་	གླིང་	NOUN
ཐ་	ཐ་	NOUN
འི་	གི་	PART
ཝན་		NON_WORD
དུ་	ལ་	PART
། །		PUNCT
རྒུད་	རྒུད་	VERB
ཚོགས་	ཚོགས་	NOUN
ཉེར་འཚེ་	ཉེར་འཚེ་	NO_POS
འི་	གི་	PART
སྨག་	སྨག་	NOUN
མུན་	མུན་	NOUN
རྣམ་	རྣམ་	NOUN
བསལ་	བསལ་	VERB
ན་	ནས་	PART
། །		PUNCT
ཆོས་འབྱོར་	ཆོས་འབྱོར་	OTHER
ཞི་བདེ་	ཞི་བདེ་	OTHER
འི་	གི་	PART
ལང་ཚོ་	ལང་ཚོ་	OTHER
འི་	གི་	PART
རྟ་ལྗང་	རྟ་ལྗང་	OTHER
དབང་	དབང་	NOUN
། །		PUNCT
ཕུན་ཚོགས་	ཕུན་ཚོགས་	ADJ
སྡེ་	སྡེ་	NOUN
བཞི་	བཞི་	NUM
འི་	གི་	PART
འོད་	འོད་	NOUN
རྣོན་	རྣོན་	NO_POS
བསྐྱེད་པ་	བསྐྱེད་པ་	VERB
ར་	ལ་	PART
མཛོད་	མཛོད་	NOUN
། །		PUNCT
འཛམ་གླིང་	འཛམ་གླིང་	NOUN
སྤྱི་	སྤྱི་	DET
དང་	དང་	NO_POS
ཁྱད་པར་	ཁྱད་པར་	NOUN
ཡུལ་ཕྱོགས་	ཡུལ་ཕྱོགས་	NOUN
དེ་	དེ་	DET
ར་	ལ་	PART
། །		PUNCT
ཕན་	ཕན་	NOUN
དང་	དང་	NO_POS
བདེ་བ་	བདེ་བ་	VERB
འི་	གི་	PART
འབྱུང་གནས་	འབྱུང་གནས་	NOUN
ཐུབ་པ་	ཐུབ་པ་	VERB
འི་	གི་	PART
བསྟན་	བསྟན་	VERB
། །		PUNCT
བསྟན་འཛིན་	བསྟན་འཛིན་	NOUN
སྐྱེས་བུ་	སྐྱེས་བུ་	NOUN
འགྲོ་བ་	འགྲོ་བ་	VERB
འི་	གི་	PART
བདེ་སྐྱིད་	བདེ་སྐྱིད་	NOUN
ཀུན་	ཀུན་	DET
། །		PUNCT
ཀུན་	ཀུན་	DET
ན་	ནས་	PART
འཕེལ་	འཕེལ་	VERB
ཞིང་	ཅིང་	PART
རྒྱས་པ་	རྒྱས་པ་	VERB
དབྱར་	དབྱར་	ADV
གྱི་	གི་	PART
ཆུ་	ཆུ་	NOUN
། །		PUNCT
ཆུ་གཏེར་	ཆུ་གཏེར་	OTHER
ཆེན་པོ་	ཆེན་པོ་	ADJ
འི་	གི་	PART
དཔལ་	དཔལ་	OTHER
ལ་	ལ་	PART
འགྲན་པ་	འགྲན་པ་	VERB
ར་	ལ་	PART
མཛོད་	མཛོད་	NOUN
། །		PUNCT
དེ་	སྟེ་	PART
མཐུ་	མཐུ་	NOUN
ས་	གིས་	PART
འཛམ་གླིང་	འཛམ་གླིང་	NOUN
ཡངས་པ་	ཡངས་པ་	ADJ
འི་	གི་	PART
རྒྱལ་ཁམས་	རྒྱལ་ཁམས་	NOUN
ཀུན་	ཀུན་	DET
། །		PUNCT
ཕན་ཚུན་	ཕན་ཚུན་	ADV
དམག་	དམག་	NOUN
འཁྲུགས་	འཁྲུགས་	NO_POS
དུས་	དུས་	NOUN
མཚོན་ནད་	མཚོན་ནད་	NO_POS
མུག་	མུག་	VERB
ཞི་	ཞི་	VERB
། །		PUNCT
ཚེ་	ཚེ་	NOUN
གཡང་	གཡང་	NOUN
སྐྱིད་	སྐྱིད་	NO_POS
ཀྱི་	གི་	PART
ཉི་མ་	ཉི་མ་	NOUN
དགུང་	དགུང་	NOUN
ལ་	ལ་	PART
ཤ་	ཤ་	VERB
། །		PUNCT
ཟད་	ཟད་	VERB
མེད་	མེད་	VERB
དགའ་བ་	དགའ་བ་	VERB
རྒྱས་པ་	རྒྱས་པ་	VERB
འི་	གི་	PART
བཀྲ་ཤིས་	བཀྲ་ཤིས་	NOUN
མཛོད་	མཛོད་	NOUN
། །		PUNCT
དུང་དུང་	དུང་དུང་	NO_POS
སྙིང་	སྙིང་	NOUN
ན་	ནས་	PART
མི་	མི་	PART
ཕྱེད་	ཕྱེད་	NUM
གསོལ་འདེབས་	གསོལ་འདེབས་	NOUN
ཤིང་	ཅིང་	PART
། །		PUNCT
ཡང་ཡང་	ཡང་ཡང་	NO_POS
མཆོད་	མཆོད་	VERB
ཅིང་	ཅིང་	PART
བསྟོད་	བསྟོད་	VERB
ན་	ལ་	PART
བདག་	བདག་	PRON
སོགས་	སོགས་	DET
ཀུན་	ཀུན་	DET
། །		PUNCT
འཇིགས་	འཇིགས་	VERB
འཇིགས་	འཇིགས་	VERB
བར་ཆད་	བར་ཆད་	NOUN
དགྲ་	དགྲ་	NOUN
ལ་	ལ་	ADP
ས་	གིས་	PART
རྣམ་རྒྱལ་	རྣམ་རྒྱལ་	NOUN
ཞིང་	ཅིང་	PART
། །		PUNCT
འཛུམ་འཛུམ་	འཛུམ་འཛུམ་	NO_POS
དགྱེས་པ་	དགྱེས་པ་	VERB
འི་	གི་	PART
སྒོ་	སྒོ་	NOUN
ན་	ནས་	PART
དངོས་གྲུབ་	དངོས་གྲུབ་	NOUN
སྩོལ་	སྩོལ་	VERB
། །		PUNCT
ཕྱྭ་		NON_WORD
གཡང་	གཡང་	NOUN
འགུགས་པ་	འགུགས་པ་	VERB
ནི་	ནི་	NO_POS
།		PUNCT
ཀྱཻ་		NON_WORD
༔		PUNCT
འཇའ་ལུས་	འཇའ་ལུས་	OTHER
རྡོ་རྗེ་	རྡོ་རྗེ་	NOUN
ཆོས་སྐུ་	ཆོས་སྐུ་	NOUN
འི་	གི་	PART
གཡང་	གཡང་	NOUN
རྭ་	རྭ་	NOUN
འདི་	འདི་	DET
ར་	ལ་	PART
༔		PUNCT
འོད་	འོད་	NOUN
ལྔ་	ལྔ་	NUM
མ་	མ་	PART
འགག་	འགག་	VERB
ས་	གིས་	PART
འཇའ་	འཇའ་	NOUN
ཟེ་	ཟེ་	VERB
ཐིག་ལེ་	ཐིག་ལེ་	NOUN
འི་	གི་	PART
གཡང་	གཡང་	NOUN
༔		PUNCT
སྣང་སྲིད་	སྣང་སྲིད་	NOUN
འོད་གསལ་	འོད་གསལ་	NOUN
མཁའ་སྤྱོད་	མཁའ་སྤྱོད་	NOUN
དབྱིངས་	དབྱིངས་	NOUN
ན་	ནས་	PART
ཁུག་	ཁུག་	VERB
༔		PUNCT
འཇའ་ལུས་	འཇའ་ལུས་	OTHER
འཕོ་བ་	འཕོ་བ་	VERB
ཆེན་པོ་	ཆེན་པོ་	ADJ
འི་	གི་	PART
དངོས་གྲུབ་	དངོས་གྲུབ་	NOUN
སྩོལ་	སྩོལ་	VERB
། །		PUNCT
གུ་རུ་	གུ་རུ་	PROPN
འི་	གི་	PART
སྦ་	སྦ་	PROPN
ས་	གིས་	PART
ཡུལ་	ཡུལ་	NOUN
དཔའ་བོ་	དཔའ་བོ་	NOUN
ཌཱ་ཀི་	ཌཱ་ཀི་	NOUN
འི་	གི་	PART
ཀློང་	ཀློང་	NOUN
༔		PUNCT
ཁོར་ཡུག་	ཁོར་ཡུག་	NOUN
ཐམས་ཅད་	ཐམས་ཅད་	DET
ལྷ་	ལྷ་	NOUN
དང་	དང་	NO_POS
ལྷ་མོ་	ལྷ་མོ་	NOUN
ས་	གིས་	PART
གང་	གང་	NO_POS
༔		PUNCT
མཆོག་	མཆོག་	ADJ
ཐུན་	ཐུན་	NOUN
དངོས་གྲུབ་	དངོས་གྲུབ་	NOUN
ཅི་	ཅི་	NO_POS
བསམ་	བསམ་	NOUN
གཡང་ཁུག་	གཡང་ཁུག་	NO_POS
ཅིག་	ཅིག་	PART
༔		PUNCT
ཚེ་	ཚེ་	NOUN
དཔལ་	དཔལ་	OTHER
བསོད་ནམས་	བསོད་ནམས་	NOUN
རྒྱས་པ་	རྒྱས་པ་	VERB
འི་	གི་	PART
དངོས་གྲུབ་	དངོས་གྲུབ་	NOUN
སྩོལ་	སྩོལ་	VERB
༔		PUNCT
སྲིད་ཞི་	སྲིད་ཞི་	NOUN
འདོད་རྒུ་	འདོད་རྒུ་	OTHER
ར་	ལ་	PART
སྤུངས་པ་	སྤུངས་པ་	VERB
འི་	གི་	PART
གཡང་	གཡང་	NOUN
རྭ་	རྭ་	NOUN
འདི་	འདི་	DET
ར་	ལ་	PART
༔		PUNCT
རྒྱན་	རྒྱན་	NOUN
ལྡན་	ལྡན་	VERB
གཅེས་ཕྲུག་	གཅེས་ཕྲུག་	NOUN
གཞོན་ནུ་	གཞོན་ནུ་	ADJ
ས་	གིས་	PART
ལྷ་གསོལ་	ལྷ་གསོལ་	NO_POS
གངཿ་		NON_WORD
བུ་ནོར་	བུ་ནོར་	NO_POS
ཅི་	ཅི་	NO_POS
བསམ་	བསམ་	NOUN
འདོད་རྒུ་	འདོད་རྒུ་	OTHER
འི་	གི་	PART
གཡང་ཁུག་	གཡང་ཁུག་	NO_POS
ཅིག་	ཅིག་	PART
༔		PUNCT
ཕུན་ཚོགས་	ཕུན་ཚོགས་	ADJ
དཔལ་འབྱོར་	དཔལ་འབྱོར་	OTHER
དངོས་གྲུབ་	དངོས་གྲུབ་	NOUN
ཐམས་ཅད་	ཐམས་ཅད་	DET
སྩོལ་	སྩོལ་	VERB
༔		PUNCT
གཡང་	གཡང་	NOUN
ཆང་	ཆང་	NOUN
བཀྲ་ཤིས་	བཀྲ་ཤིས་	NOUN
མདའ་དར་	མདའ་དར་	NOUN
ཕྱེ་མ་	ཕྱེ་མ་	OTHER
དང་	དང་	NO_POS
༔		PUNCT
སྲིད་པ་	སྲིད་པ་	VERB
འི་	གི་	PART
ལྷ་ཆེན་	ལྷ་ཆེན་	NOUN
དགྱེས་པ་	དགྱེས་པ་	VERB
འི་	གི་	PART
མཆོད་རྫས་	མཆོད་རྫས་	NOUN
འབུལ་	འབུལ་	NO_POS
༔		PUNCT
ཕུ་	ཕུ་	NOUN
ན་	ནས་	PART
གནོད་སྦྱིན་	གནོད་སྦྱིན་	NOUN
མཆེད་	མཆེད་	NOUN
ལྔ་	ལྔ་	NUM
ས་	གིས་	PART
ནོར་གཡང་	ནོར་གཡང་	NO_POS
ཁུག་	ཁུག་	VERB
༔		PUNCT
མདའ་	མདའ་	NOUN
ན་	ནས་	PART
མཚོ་	མཚོ་	NOUN
སྨན་	སྨན་	NOUN
བསྟན་མ་	བསྟན་མ་	NOUN
ས་	གིས་	PART
དངོས་གྲུབ་	དངོས་གྲུབ་	NOUN
སྩོལ་	སྩོལ་	VERB
༔		PUNCT
བ་	བ་	NOUN
ན་	ལ་	PART
བདུད་	བདུད་	NOUN
བཙན་	བཙན་	VERB
འབར་བ་	འབར་བ་	VERB
སྤུན་	སྤུན་	NOUN
བདུན་	བདུན་	NUM
དང་	དང་	NO_POS
༔		PUNCT
སྐྱེས་མཆོག་	སྐྱེས་མཆོག་	NOUN
རྡོ་རྗེ་	རྡོ་རྗེ་	NOUN
ལེགས་པ་	ལེགས་པ་	VERB
ས་	གིས་	PART
བསམ་དོན་	བསམ་དོན་	OTHER
འགྲུབ་	འགྲུབ་	VERB
༔		PUNCT
ཡུལ་ཕྱོགས་	ཡུལ་ཕྱོགས་	NOUN
འདི་	འདི་	DET
ལ་	ལ་	PART
བཀྲ་ཤིས་དཔལ་	བཀྲ་ཤིས་དཔལ་	NO_POS
འབའ་	འབའ་	VERB
དང་	དང་	NO_POS
༔		PUNCT
དཀར་པོ་	དཀར་པོ་	ADJ
འི་	གི་	PART
དམ་ཆོས་	དམ་ཆོས་	NOUN
དར་བ་	དར་བ་	VERB
འི་	གི་	PART
འཕྲིན་ལས་	འཕྲིན་ལས་	NOUN
མཛོད་	མཛོད་	NOUN
༔		PUNCT
ཞི་བ་	ཞི་བ་	VERB
འི་	གི་	PART
ལ་	ལ་	ADP
ས་	གིས་	PART
མཛད་བྱང་	མཛད་བྱང་	NO_POS
སེམས་	སེམས་	NOUN
ལྡན་	ལྡན་	VERB
རྣམས་	རྣམས་	DET
ཀྱིས་	གིས་	PART
༔		PUNCT
ནད་གདོན་	ནད་གདོན་	OTHER
སྡིག་སྒྲིབ་	སྡིག་སྒྲིབ་	NOUN
ཞི་བ་	ཞི་བ་	VERB
ས་	གིས་	PART
འཕྲིན་ལས་	འཕྲིན་ལས་	NOUN
མཛོད་	མཛོད་	NOUN
༔		PUNCT
རྒྱས་པ་	རྒྱས་པ་	VERB
འི་	གི་	PART
ལ་	ལ་	ADP
ས་	གིས་	PART
མཛད་	མཛད་	VERB
རིན་ཆེན་	རིན་ཆེན་	OTHER
རིགས་	རིགས་	NOUN
རྣམས་	རྣམས་	DET
ཀྱིས་	གིས་	PART
༔		PUNCT
ཚེ་	ཚེ་	NOUN
དང་	དང་	NO_POS
བསོད་ནམས་	བསོད་ནམས་	NOUN
རྒྱས་པ་	རྒྱས་པ་	VERB
འི་	གི་	PART
དངོས་གྲུབ་	དངོས་གྲུབ་	NOUN
སྩོལ་	སྩོལ་	VERB
༔		PUNCT
དབང་	དབང་	NOUN
གི་	གི་	PART
ལ་	ལ་	ADP
ས་	གིས་	PART
མཛད་	མཛད་	VERB
པདྨ་	པདྨ་	NOUN
འི་	གི་	PART
རིགས་	རིགས་	NOUN
རྣམས་	རྣམས་	DET
ཀྱིས་	གིས་	PART
༔		PUNCT
ཁམས་	ཁམས་	NOUN
གསུམ་	གསུམ་	NUM
དབང་	དབང་	NOUN
དུ་	ལ་	PART
འདུས་པ་	འདུས་པ་	VERB
འི་	གི་	PART
དངོས་གྲུབ་	དངོས་གྲུབ་	NOUN
སྩོལ་	སྩོལ་	VERB
༔		PUNCT
དྲག་པོ་	དྲག་པོ་	ADJ
འི་	གི་	PART
ལ་	ལ་	ADP
ས་	གིས་	PART
མཛད་	མཛད་	VERB
ལ་	ལ་	ADP
ས་	གིས་	PART
ཀྱི་	གི་	PART
རིགས་	རིགས་	NOUN
རྣམས་	རྣམས་	DET
ཀྱིས་	གིས་	PART
༔		PUNCT
དགྲ་བགེགས་	དགྲ་བགེགས་	OTHER
ཚར་གཅོད་	ཚར་གཅོད་	NOUN
ནུས་པ་	ནུས་པ་	VERB
འི་	གི་	PART
དངོས་གྲུབ་	དངོས་གྲུབ་	NOUN
སྩོལ་	སྩོལ་	VERB
༔		PUNCT
བསམ་དོན་	བསམ་དོན་	OTHER
མ་	མ་	PART
ལུས་	ལུས་	NOUN
འགྲུབ་པ་	འགྲུབ་པ་	VERB
འི་	གི་	PART
དངོས་གྲུབ་	དངོས་གྲུབ་	NOUN
སྩོལ་	སྩོལ་	VERB
༔		PUNCT
ནོངས་པ་	ནོངས་པ་	VERB
བཟོད་པ་	བཟོད་པ་	VERB
ར་	ལ་	PART
གསོལ་བ་	གསོལ་བ་	VERB
ནི་	ནི་	NO_POS
།		PUNCT
ཧཱུྃ་		NON_WORD
།		PUNCT
རྨོངས་པ་	རྨོངས་པ་	VERB
འི་	གི་	PART
དབང་	དབང་	NOUN
གིས་	གིས་	PART
འཕྲིན་ལས་	འཕྲིན་ལས་	NOUN
འཁྲུལ་པ་	འཁྲུལ་པ་	NO_POS
ར་	ལ་	PART
གྱེར་	གྱེར་	NO_POS
། །		PUNCT
མཆོད་པ་	མཆོད་པ་	VERB
འི་	གི་	PART
དམ་རྫས་	དམ་རྫས་	NOUN
མ་ཚང་	མ་ཚང་	NO_POS
འབགས་པ་	འབགས་པ་	VERB
སོགས་	སོགས་	DET
། །		PUNCT
ཉེས་པ་	ཉེས་པ་	VERB
འི་	གི་	PART
ཚོགས་	ཚོགས་	NOUN
ཀུན་	ཀུན་	DET
སྙིང་	སྙིང་	NOUN
ན་	ནས་	PART
བཤགས་	བཤགས་	NO_POS
བྱེད་	བྱེད་	VERB
ན་	ལ་	PART
། །		PUNCT
བཟོད་པ་	བཟོད་པ་	VERB
ར་	ལ་	PART
བཞེས་	བཞེས་	VERB
ཤིག་	ཅིག་	PART
ཐུགས་རྗེ་	ཐུགས་རྗེ་	NOUN
ཆེ་	ཆེ་	VERB
ལྡན་	ལྡན་	VERB
རྣམས་	རྣམས་	DET
། །		PUNCT
གཤེགས་	གཤེགས་	VERB
སུ་	ལ་	PART
གསོལ་བ་	གསོལ་བ་	VERB
ནི་	ནི་	NO_POS
།		PUNCT
ཧཱུྃ་		NON_WORD
།		PUNCT
ཆུ་	ཆུ་	NOUN
ལ་	ལ་	ADP
ས་	གིས་	PART
ཆུ་བུར་	ཆུ་བུར་	NOUN
རྡོལ་བ་	རྡོལ་བ་	VERB
ཇི་བཞིན་	ཇི་བཞིན་	OTHER
དུ་	ལ་	PART
། །		PUNCT
རིག་པ་	རིག་པ་	VERB
འི་	གི་	PART
རྩལ་	རྩལ་	NOUN
གྱིས་	གིས་	PART
མགྲོན་	མགྲོན་	NOUN
དུ་	ལ་	PART
བསུས་པ་	བསུས་པ་	NO_POS
རྣམས་	རྣམས་	DET
། །		PUNCT
ངོ་བོ་	ངོ་བོ་	NOUN
གདོད་	གདོད་	NO_POS
ན་	ནས་	PART
སྐྱེ་བ་	སྐྱེ་བ་	VERB
མེད་པ་	མེད་པ་	VERB
འི་	གི་	PART
ཀློང་	ཀློང་	NOUN
། །		PUNCT
རྣམ་པ་	རྣམ་པ་	NOUN
རང་རང་	རང་རང་	NO_POS
སོ་སོ་	སོ་སོ་	PRON
འི་	གི་	PART
གནས་	གནས་	NOUN
སུ་	ལ་	PART
གཤེགས་	གཤེགས་	VERB
། །		PUNCT
བཛྲ་	བཛྲ་	NO_POS
མུཿ་		NON_WORD
ཤིས་པ་	ཤིས་པ་	VERB
ར་	ལ་	PART
བརྗོད་པ་	བརྗོད་པ་	VERB
ནི་	ནི་	NO_POS
།		PUNCT
ཧཱུྃ་		NON_WORD
།		PUNCT
ཡིད་བཞིན་	ཡིད་བཞིན་	OTHER
ནོར་	ནོར་	NOUN
དང་	དང་	NO_POS
བུམ་	བུམ་	NOUN
བཟང་	བཟང་	VERB
འདོད་འཇོ་	འདོད་འཇོ་	OTHER
འི་བ་	འི་བ་	PART
། །		PUNCT
དཔག་བསམ་	དཔག་བསམ་	OTHER
ཤིང་	ཅིང་	PART
ལྟ་	ལྟ་	OTHER
འདོད་པ་	འདོད་པ་	VERB
འི་	གི་	PART
རེ་བ་	རེ་བ་	VERB
ཀུན་	ཀུན་	DET
། །		PUNCT
འབད་	འབད་	VERB
མེད་	མེད་	VERB
སྩོལ་	སྩོལ་	VERB
མཛད་	མཛད་	VERB
བླ་མ་	བླ་མ་	NOUN
ཡི་དམ་	ཡི་དམ་	NOUN
དང་	དང་	NO_POS
། །		PUNCT
མཁའ་འགྲོ་	མཁའ་འགྲོ་	NOUN
ཆོས་སྐྱོང་	ཆོས་སྐྱོང་	NOUN
སྲུང་མ་	སྲུང་མ་	NOUN
འི་	གི་	PART
བཀྲ་ཤིས་ཤོག་	བཀྲ་ཤིས་ཤོག་	NO_POS
།		PUNCT
གཞན་	གཞན་	DET
ཡང་	ཀྱང་	PART
ཤིས་པ་	ཤིས་པ་	VERB
ར་	ལ་	PART
བརྗོད་པ་	བརྗོད་པ་	VERB
འི་	གི་	PART
མེ་ཏོག་	མེ་ཏོག་	NOUN
ཀ་མ་ལ་	ཀ་མ་ལ་	NO_POS
འི་	གི་	PART
ཆ་	ཆ་	NOUN
ར་	ལ་	PART
བཟང་པོ་	བཟང་པོ་	ADJ
བསྙིལ་བ་	བསྙིལ་བ་	NO_POS
ར་	ལ་	PART
བྱ་	བྱ་	VERB
འོ་	གོ་	PART
། །		PUNCT
ཞེ་	ཅེས་	PART
ཤ་	ཤ་	VERB
གླིང་	གླིང་	NOUN
ཐ་	ཐ་	NOUN
འི་	གི་	PART
ཝན་		NON_WORD
གྱི་	གི་	PART
ཡུལ་	ཡུལ་	NOUN
དུ་	ལ་	PART
ཉེ་བ་		
མཁོ་བ་	མཁོ་བ་	VERB
འི་	གི་	PART
བསང་མཆོད་	བསང་མཆོད་	OTHER
ཕྲིན་	ཕྲིན་	NOUN
གསོལ་	གསོལ་	VERB
དང་	དང་	NO_POS
བཅས་པ་	བཅས་པ་	VERB
དགེ་ལེགས་	དགེ་ལེགས་	OTHER
ཆར་སྤྲིན་	ཆར་སྤྲིན་	NOUN
འདི་	འདི་	DET
ནི་	ནི་	NO_POS
དོན་གཉེར་	དོན་གཉེར་	NOUN
ཅན་	ཅན་	PART
དུ་མ་	དུ་མ་	ADJ
ས་	གིས་	PART
འབད་པ་	འབད་པ་	VERB
ཆེན་པོ་	ཆེན་པོ་	ADJ
ས་	གིས་	PART
བསྐུལ་མ་	བསྐུལ་མ་	NOUN
མཛད་པ་	མཛད་པ་	VERB
ལྟ་	ལྟ་	OTHER
།		PUNCT
ཤཱཀྱའི་		NON_WORD
དགེ་སྦྱོང་	དགེ་སྦྱོང་	NOUN
དུ་	ལ་	PART
རློམ་པ་	རློམ་པ་	VERB
འི་	གི་	PART
གྱི་ན་བ་	གྱི་ན་བ་	NO_POS
ཀརྨ་པ་	ཀརྨ་པ་	NO_POS
ཨོ་རྒྱན་	ཨོ་རྒྱན་	PROPN
འཕྲིན་ལས་	འཕྲིན་ལས་	NOUN
རྡོ་རྗེ་	རྡོ་རྗེ་	NOUN
ས་	གིས་	PART
དུས་གསུམ་	དུས་གསུམ་	OTHER
འབྱོན་པ་	འབྱོན་པ་	VERB
ར་	ལ་	PART
དཀའ་བ་	དཀའ་བ་	VERB
འི་	གི་	PART
འདྲེན་	འདྲེན་	NO_POS
མཆོག་	མཆོག་	ADJ
དམ་པ་	དམ་པ་	VERB
རྣམས་	རྣམས་	DET
ཀྱི་	གི་	PART
ཞལ་	ཞལ་	NOUN
གསུང་	གསུང་	VERB
དྲི་མ་	དྲི་མ་	NOUN
མེད་པ་	མེད་པ་	VERB
ཐོས་པ་	ཐོས་པ་	VERB
ཙམ་	ཙམ་	DET
གྱིས་	གིས་	PART
ངན་སོང་	ངན་སོང་	NOUN
གི་	གི་	PART
སྲིད་པ་	སྲིད་པ་	VERB
ཧྲུལ་པོ་	ཧྲུལ་པོ་	ADJ
ར་	ལ་	PART
བྱེད་པ་	བྱེད་པ་	VERB
འི་	གི་	PART
བྱིན་རླབས་	བྱིན་རླབས་	NOUN
ཀྱི་	གི་	PART
ཚན་ཁ་	ཚན་ཁ་	NO_POS
ཆེ་བ་	ཆེ་བ་	VERB
རྣམས་	རྣམས་	DET
ཁྲིགས་	ཁྲིགས་	VERB
སུ་	ལ་	PART
བསྡེབས་	བསྡེབས་	NO_POS
ཏེ་	སྟེ་	PART
།		PUNCT
ཁྱུ་མཆོག་	ཁྱུ་མཆོག་	NOUN
ཅེས་པ་	ཅེས་པ་	PART
ལྕགས་སྦྲུལ་	ལྕགས་སྦྲུལ་	OTHER
ཧོར་	ཧོར་	PROPN
ཟླ་	ཟླ་	NOUN
གཉིས་པ་	གཉིས་པ་	NUM
འི་	གི་	PART
ཡར་ངོ་	ཡར་ངོ་	NOUN
ར་	ལ་	PART
གསང་	གསང་	VERB
ཆེན་	ཆེན་	NO_POS
རིག་པ་	རིག་པ་	VERB
འཛིན་པ་	འཛིན་པ་	VERB
འི་	གི་	PART
ཆོས་སྡེ་	ཆོས་སྡེ་	NOUN
དཔལ་	དཔལ་	OTHER
སྟོད་རྒྱུད་	སྟོད་རྒྱུད་	OTHER
དུ་	ལ་	PART
སྦྱར་བ་	སྦྱར་བ་	VERB
དགེ་ལེགས་	དགེ་ལེགས་	OTHER
འཕེལ་	འཕེལ་	VERB
།		PUNCT
སརྦ་	སརྦ་	NO_POS
མངྒ་		NON_WORD
ལཾ་		NON_WORD
།། །།		PUNCT
